The Wrekin|Labour Party |Roh Yakobi|None|15,437|30.9|+6.6
North Shropshire|Labour Party |Natalie Rowley|None|3,423|6.9|-15.5
Shrewsbury|Labour Party |Julia Buckley|winning|22,932|44.3|0
South Shropshire|Labour Party |Simon Thomson|None|||0
Telford|Labour Party |Shaun Davies|None|18,212|44.7|+10.4
Kingswinford and South Staffordshire|Labour Party |Sally Benton|None|||0
Burton and Uttoxeter|Labour Party |Jacob Collier |None|16,222|35.6|+4.7
Cannock Chase|Labour Party |Josh Newbury|None|||
Lichfield|Labour Party |Dave Robertson|winning|17,232|35.1|+14.1
Newcastle|Labour Party |Adam Jogee|winning|15,992|40.4|+5.0
Stafford|Labour Party |Leigh Ingham|winning|18,531|40.3|+9.1
Staffordshire Moorlands|Labour Party |Alastair Watson|None|||
Stoke|Labour and Co-operative|Gareth Snell|winning|14,950|42.4|
Stoke|Labour Party |David Williams|None|14,579|40.3|+5.5
Stoke|Labour Party |Allison Gardner|None|||
Tamworth|Labour Party |Sarah Edwards |None|||
Kenilworth and Southam|Labour Party |Cat Price|None|||0
Nuneaton|Labour Party |Jodie Gosling|winning|15,216|36.9|+5.4
Stratford|Labour Party |Seyi Agboola|None|3,753|7.1|-4.2
Warwick and Leamington|Labour Party |Matt Western|winning|23,975|48.7|+5.4
North Warwickshire and Bedworth|Labour Party |Rachel Taylor |None|||0
Meriden and Solihull East|Labour Party |Sarah Alan|None|12,208||0
Solihull West and Shirley|Labour Party |Deirdre  Fox|None|11,664|24.9|+5.4
Aldridge|Labour Party |Luke Davies|None|11,670|28.5|
Coventry East |Labour Party |Mary Creagh|None|||
Dudley|Labour Party |Sonia Kumar|winning|12,215|34.1|+3.2
Halesowen|Labour Party |Alex Ballinger|None|||0
Smethwick|Labour Party |Gurinder Josan|None|||
Stourbridge|Labour Party |Cat Eccles|None|||
Wolverhampton North East|Labour Party |Sureena Brackenridge|None|||
Wolverhampton South East|Labour Party |Pat McFadden|None|||
Bromsgrove|Labour Party |Neena Gill|None|||
Droitwich and Evesham|Labour Party |Chipiliro Kalebe-Nyamongo|None|||0
Redditch|Labour Party |Chris Bloore|None|14,810|34.9|+9.3
West Worcestershire|Labour Party |Kash Haroon|None|||
Worcester|Labour Party |Tom Collins |None|18,622|40.5|+3.0
Wyre Forest|Labour Party |Vicki Smith|None|||
Wolverhampton West|Labour Party |Warinder Juss|None|||
Coventry North West|Labour Party |Taiwo Owatemi|None|||
Coventry South|Labour Party |Zarah Sultana|None|20361|47.6|+3.3
Birmingham Hodge Hill and Solihull North|Labour Party |Liam Byrne|None|||
Birmingham Hall Green and Moseley|Labour Party |Tahir Ali|None|||
Birmingham Edgbaston|Labour and Co-operative|Preet Gill|None|||
Birmingham Erdington|Labour Party |Paulette Hamilton|None|||
Birmingham Ladywood|Labour Party |Shabana Mahmood|winning|15,558|42.5|-40.5
Birmingham Northfield|Labour Party |Laurence Turner |winning|14,929|39.6|-3.1
Birmingham Perry Barr|Labour Party |Khalid Mahmood |None|12,796|34.1|
Birmingham Perry Barr|Socialist Labour Party |Shangara Singh|None|507|1.4|
Birmingham Selly Oak|Labour Party |Alistair Carns|None|17,371|45.2|
Birmingham Yardley|Labour Party |Jess Phillips|winning|11,275|31.2|
Sutton Coldfield|Labour Party |Rob Pocock|None|15,959|33.0|+9.4
North East Hertfordshire|Labour and Co-operative Party|Chris Hinchliff|winning|18,358|35.0|+11.3
South West Hertfordshire|Labour Party |Alex Sufit|None|9,637|20.0|+3.9
St Albans|Labour Party |Sophia Bhatti|None|5,189|10.1|+1.3
Hertford and Stortford|Labour Party |Josh Dean |None|20,808|38.5|+14.8
Hertsmere|Labour Party |Josh Tapper|None|13,459|28.0|+6.9
Broxbourne|Labour Party |Catherine Deakin|None|12,952|30.2|+6.2
Watford|Labour Party |Matt Turmaine|winning|15,708|35.3|-4.0
Stevenage|Labour Party |Kevin Bonavia'''|None|17,698|41.4|+6.2
Harpenden and Berkhamsted|Labour Party |Zara Layne|None|4,061|7.5|-3.1
Welwyn Hatfield|Labour Party |Andrew Lewin|winning|19,877|41.0|9.3
Hitchin|Labour Party |Alistair Strathern|None|||
South Derbyshire|Socialist Labour Party |Paul Liversuch|None|||
South Derbyshire|Labour Party |Samantha Niblett|None|||
Amber Valley|Labour Party |Linsey Farnsworth|winning|15,746|37.0|
Bolsover |Labour Party |Natalie Fleet|winning|17,197|40.5|
High Peak|Labour Party |Jon Pearce |None|||
Mid Derbyshire|Labour Party |Jonathan Davies |None|17,346|36.5|+9.5
North East Derbyshire |Labour Party |Louise Jones |winning|17,591|38.4|+6.1
Chesterfield |Labour Party |Toby Perkins|winning|19,316|46.5|+6.3
Derby North |Labour Party |Catherine Atkinson|None|||
Derby South|Labour and Co-operative|Baggy Shanker|winning|14,503|38.8|
North West Leicestershire|Labour Party |Amanda Hack|winning|16,871|34.7|+9.3
Hinckley and Bosworth|Labour Party |Rebecca Pawley|None|||
Harborough|Labour Party |Hajira Piranie|None|16236|32|
Leicester East|Labour Party |Rajesh Agrawal|None|10,100|21.6|
Leicester West|Labour Party |Liz Kendall|winning|15,798|44.6|
Loughborough|Labour Party |Jeevun Sandher|None|||
South Leicestershire|Labour Party |Robert Parkinson|None|||
Leicester South|Labour Party |Jonathan Ashworth|None|13,760|32.9|
Melton and Syston|Labour Party |Zafran Khan|None|12,130|26.4|+2.9
Mid Leicestershire|Labour Party |Robert Martin|None|||
South Holland and the Deepings|Labour Party |Paul Hilliar|None|9,086|19.8|
Louth and Horncastle|Labour Party |Jonathan Slater|None|10,475|22.5|+4.8
Sleaford and North Hykeham |Labour Party |Hanif Khan|None|13,002|26.8|+8.2
Lincoln|Labour Party |Hamish Falconer|winning|18470|43.8|+2.8
Grantham and Bourne|Labour Party |Vipul Bechar|None|12,274|26.6|+6.6
Kettering |Labour Party |Rosie Wrighting|None|3900||
Northampton North|Labour Party |Lucy Rigby|winning|18,209|43.5|+1.4
Northampton South|Labour Party |Mike Reader|winning|16,890|38.5|+7.6
South Northamptonshire|Labour Party |Rufia Ashraf |None|15,504|28.9|+8.1
Daventry|Labour Party |Marianne Kimani|None|14,680|28.0|+8.9
Corby and East Northamptonshire |Labour Party |Lee Barron |None|21,020|42.4|3.9
Wellingborough and Rushden |Labour Party |Gen Kitchen|None|17,734|40.3|+12.1
Nottingham East|Labour Party |Nadia Whittome|None|||
Newark|Labour Party |Saj Ahmad|None|||
Bassetlaw|Labour Party |Jo White |winning|18,476|41.2|
Broxtowe |Labour Party |Juliet Campbell |None|||
Gedling|Labour Party |Michael Payne|None|||
Mansfield|Socialist Labour Party |Peter Dean|None|||
Mansfield|Labour Party |Steve Yemm|None|||
Nottingham South|Labour Party |Lilian Greenwood|None|||
Ashfield|Labour Party |Rhea Keehn|None|11,553|29.0|+3.4
Rushcliffe |Labour Party |James Naish|winning|25,291|43.8|+8.8
Nottingham North and Kimberley|Labour and Co-operative Party |Alex Norris |None|16,480|47.1|+1.1
Sherwood Forest|Labour Party |Michelle Welsh|None|||
Redcar|Labour and Co-operative|Anna Turley|winning|15,663|41.0|+4.4
Middlesbrough and Thornaby East|Labour Party |Andy McDonald |winning|16,238|47.2|-6.8
Stockton West|Labour Party |Wes Streeting |None|18,233|37.5|+3.6
Stockton North|Labour Party |Chris McDonald |winning|17,128|45.8|-0.9
Hartlepool|Labour Party |Jonathan Brash|winning|16,414|46.2|+8.5
Blaydon and Consett|Labour Party |Liz Twist|None|21,160|50.1|+6.1
Darlington|Labour Party |Lola McEvoy|winning|16,621|39.2|+0.3
North Durham|Labour Party |Luke Akehurst|winning|16,562|39.8|-3.9
Newton Aycliffe and Spennymoor|Labour Party |Alan Strickland|None|||
Cramlington and Killingworth|Labour and Co-operative |Emma Foody|winning|22,274|49.1|+4.7
North Northumberland|Labour Party |David Smith|winning|17,855|36.6|+13.4
Sunderland Central|Labour Party |Lewis Atkinson|winning|16,852|42.2|
Houghton and Sunderland South|Labour Party |Bridget Phillipson|winning|18,837|47.1|+6.4
Gateshead Central and Whickham|Labour Party |Mark Ferguson |winning|18,245|45.4|-1.7
Jarrow and Gateshead East|Labour Party |Kate Osborne|None|||
Washington and Gateshead South|Labour Party |Sharon Hodgson|winning|17,682|47.8|+4.7
Newcastle upon Tyne Central and West |Labour Party |Chi Onwurah|winning|18,875|45.6|
Newcastle upon Tyne East and Wallsend |Labour Party |Mary Glindon|None|21,200|50.1|
Newcastle upon Tyne North |Labour Party |Catherine McKinnell|winning|24,440|50.3|
South Shields|Labour Party |Emma Lewell-Buck|winning|15,122|41.1|-3.0
Tynemouth|Labour Party |Alan Campbell |None|||
Bangor Aberconwy|Welsh Labour|Claire Hughes|winning|14,008|33.6|-4.8
Bangor Aberconwy|Socialist Labour Party |Kathrine Jones|None|4,896|4|
Clwyd East|Welsh Labour|Becky Gittins|winning|18,484|38.7|
Clwyd North|Welsh Labour|Gill German|None|||
Alyn and Deeside|Welsh Labour|Mark Tami|winning|18,395|42.4|
Dwyfor Meirionnydd|Welsh Labour|Joanna Stallard|None|5,912|14.6|
Wrexham|Welsh Labour|Andrew Ranger |None|15,836|39.2|+1.0
Gower|Welsh Labour|Tonia Antoniazzi|winning|20,480|43.4|-2.4
Aberafan Maesteg|Welsh Labour|Stephen Kinnock|winning|17,838|49.9|-3.0
Blaenau Gwent and Rhymney|Welsh Labour|Nick Smith |None|16,027|53.6|
Merthyr Tydfil and Aberdare|Welsh Labour|Gerald Jones|None|||
Mid and South Pembrokeshire|Welsh Labour|Henry Tufnell |None|16,505|35.4|-1.8
Cardiff East|Labour Party |Jo Stevens|winning|15,833|40.5|
Monmouthshire|Welsh Labour|Catherine Fookes|None|21,010|41.3|+9.7
Bridgend|Welsh Labour Party|Chris Elmore|winning|16,516|39.9|
Caerphilly|Labour and Co-operative Party|Chris Evans |None|14,538|38|
Cardiff North|Welsh Labour|Anna McMorrin|None|20,849|43.9|
Cardiff South and Penarth|Labour and Co-operative|Stephen Doughty|winning|17,428|44.5|
 Cardiff West|Welsh Labour|Alex Barros-Curtis|None|16,442|36.7|-13.5
Llanelli|Welsh Labour|Nia Griffith|None|12,751|31.3|-8
Newport East|Welsh Labour|Jessica Morden|None|16,370|42.5|-5
Swansea West|Welsh Labour|Torsten Bell|winning|14,761|41.4|-10.0
Vale of Glamorgan|Welsh Labour|Kanishka Narayan|None|17,740|38.7|-5.2
North East Hertfordshire|Labour and Co-operative Party|Chris Hinchliff|winning|18,358|35.0|+11.3
South West Hertfordshire|Labour Party |Alex Sufit|None|9,637|20.0|+3.9
St Albans|Labour Party |Sophia Bhatti|None|5,189|10.1|+1.3
Hertford and Stortford|Labour Party |Josh Dean |None|20,808|38.5|+14.8
Hertsmere|Labour Party |Josh Tapper|None|13,459|28.0|+6.9
Broxbourne|Labour Party |Catherine Deakin|None|12,952|30.2|+6.2
Watford|Labour Party |Matt Turmaine|winning|15,708|35.3|
Stevenage|Labour Party |Kevin Bonavia|winning|17,698|41.4|+6.2
Harpenden and Berkhamsted|Labour Party |Zara Layne|None|4,061|7.5|-3.1
Welwyn Hatfield|Labour Party |Andrew Lewin|winning|19,877|41.0|9.3
Hitchin|Labour Party |Alistair Strathern|None|||
Luton North|Labour Party |Sarah Owen|winning|23,496|55.2|-8.6
Bedford|Labour Party |Mohammad Yasin |None|9,430||
North Bedfordshire|Labour Party |Uday Nagaraju|None|||
North West Cambridgeshire|Labour Party |Sam Carling|winning|14,785|33.28|+11.19
South Cambridgeshire|Labour Party |Luke Viner|None|||
Huntingdon|Labour Party |Alexandra Bulat|None|16,758|32.2|+10.2
Peterborough|Labour and Co-operative Party|Andrew Pakes|winning|13,418|32.0|-9.5
Cambridge|Labour Party |Daniel Zeichner|winning|19,614|46.6|-0.8
Ely and East Cambridgeshire|Labour Party |Elizabeth McWilliams|None|9,160|17.5|+3.1
St Neots and Mid Cambridgeshire|Labour Party |Marianna Masters|None|6,918|13.1|-5.7
Brentwood and Ongar|Labour Party |Gareth Barrett|None|11,082|22.9|+9.2
Southend East and Rochford|Labour Party |Bayo Alaba|None|||
Braintree|Labour Party |Matthew Wright|None|13,744|28.0|+9.8
Epping Forest|Labour Party |Rosalind Dor|None|12,356|29.6|+9.3
Harlow|Labour and Co-operative|Chris Vince|winning|16,313|37.6|+8.3
Southend West and Leigh|Labour Party |David Burton-Sampson|winning|16,739|35.6|
Thurrock |Labour Party |Jen Craft|None|16,050|42.7|+8.3
Basildon and Billericay|Labour Party |Alex Harrison |None|12,885|29.88|+8.3
Harwich and North Essex|Labour Party |Alex Diner|None|15,360|32.0|+6.1
South Basildon and East Thurrock|Labour Party |Jack Ferguson|None|12,080|30.5|
Maldon|Labour Party |Onike Gollo|None|9,817|19.7|+7.1
Rayleigh and Wickford|Labour Party |James Hedges|None|11,823|24.6|+8.9
Witham|Labour Party |Rumi Chowdhury|None|13,682|27.0|+9.5
Castle Point|Labour Party |Mark Maguire|None|9,455|23.3|+6.5
Chelmsford|Labour Party |Richard Parry|None|6,108|12.0|-6.1
Clacton|Labour Party |Jovan Owusu-Nepaul|None|7,448|16.2|
Colchester|Labour Party |Pam Cox|winning|18,804|41.9|+11.8
North West Essex|Labour Party |Issy Waite|None|16,750|30.8|+17.0
South West Norfolk|Labour Party |Terry Jermy|winning|11,847|26.7|+8.6
South Norfolk|Labour Party |Ben Goldsborough|None|17,353|35.0|+11.6
North West Norfolk |Labour Party |Tim Leaver|None|11,143|25.0|+2.4
Norwich South |Labour Party |Clive Lewis |None|||
Great Yarmouth|Labour Party |Keir Cozens|None|12,959|31.8|6.7
Norwich North|Labour and Co-operative Party|Alice Macdonald|None|20,794|45.4|+6.5
Broadland and Fakenham|Labour Party |Iain Simpson|None|||
Mid Norfolk|Labour Party |Michael Rosen|None|13,716|29.9|+7.0
North Norfolk|Labour Party |Cathy Cordiner-Achenbach|None|2,878|6.1|-1.6
Waveney Valley|Labour Party |Gurpreet Padda|None|4,621|9.4|-9.2
South Suffolk|Labour Party |Emma Bishton|None|13,035|26.7|+7.5
Suffolk Coastal|Labour Party |Jenny Riddell-Carpenter|winning|15,672|31.7|+10.3
Ipswich|Labour and Co-operative|Jack Abbott |winning|19,909|43.3|
Central Suffolk and North Ipswich|Labour Party |Kevin Craig|None|||
Bury St Edmunds and Stowmarket|Labour Party |Peter Prinsley|None|16,745|32.9|12.1
West Suffolk|Labour Party |Rebecca Denness|None|12,567|27.2|+5.0
Barrow and Furness|Labour Party |Michelle Scrogham|winning|18,537|43.9|
Birkenhead|Labour Party |Alison McGovern|None|||
Blackburn|Labour Party |Kate Hollern|None|10,386|26.7|-39.3
Blackpool South|Labour Party |Chris Webb |None|16,916||
Bootle|Labour Party |Peter Dowd|None|||
West Lancashire|Labour Party |Ashley Dalton|winning|22305|50.5|-1.6
Liverpool Riverside |Labour Party |Kim Johnson |None|||
Liverpool Walton|Labour Party |Dan Carden|None|26,032|70.6|-11.8
Liverpool Wavertree|Labour Party |Paula Barker|None|||
Liverpool West Derby|Labour Party |Ian Byrne|winning|25,302|66.6|
Morecambe and Lunesdale|Labour Party |Lizzi Collinge|winning|||
Preston|Labour and Co-operative|Mark Hendrick|winning|14,006|35.0|
South Ribble|Labour Party |Paul Foster |winning|19,840|42.5|
Ribble Valley|Labour Party |Maya Ellis|None|18,177|34.9|+7.3
Rossendale and Darwen|Labour Party |Andy MacNae|winning|18,247|40.9|+4.3
St Helens North|Labour Party |David Baines|None|||
Sefton Central |Labour Party |Bill Esterson|None|||
Southport|Labour Party |Patrick Hurley |None|17,252|38.3|
St Helens South and Whiston|Labour Party |Marie Rimmer|None|||
Wallasey |Labour Party |Angela Eagle|None|24,674|57.7|-6.0
Wirral West|Labour Party |Matthew Patrick |None|23,156|46|
Carlisle|Labour Party |Julie Minns|winning|18,129|39.4|+4.9
Burnley|Labour and Co-operative Party |Oliver Ryan|None|||
Knowsley|Labour Party |Anneliese Midgley|None|24,243|67.3|-12.3
Bolton West|Labour Party |Phil Brickell|winning|17,363||
Bolton North East|Labour Party |Kirith Entwistle|None|16,166|37.3|-5.1
Manchester Withington|Labour Party |Jeff Smith |winning|22,066|52.9|
Whitehaven |Labour Party |Josh MacAlister|None|22,173|52.9|+8.8
Penrith and Solway|Labour Party |Markus Campbell-Savours|winning|19,986|40.6|+10.4
Chester South and Eddisbury|Labour Party |Angeliki Stogia|None|16,848|32.1|+10.6
Chester North and Neston|Labour Party |Samantha Dixon|None|||
Ellesmere Port and Bromborough|Labour Party |Justin Madders|winning|24,186|57.6|-1.7
Bolton South and Walkden|Labour Party |Yasmin Qureshi|None|||
Pendle and Clitheroe|Labour Party |Michael Wheeler |None|||
Pendle and Clitheroe|Labour Party |Jonathan Hinder|winning|16,129|34.5|+1.4
Manchester Central |Labour and Co-operative|Lucy Powell|winning|20,184|50.8|
Falkirk|Scottish Labour|Euan Stainbank|winning|18,343|43.0|+30.9
Glasgow East|Scottish Labour|John Grady |winning|15,543|43.8|
Glasgow North|Scottish Labour|Martin Rhodes|winning|14,655|42.2|+8.1
 Glasgow North East|Scottish Labour|Maureen Burke|winning|15,639|45.9|+8.2
Glasgow South|Scottish Labour|Gordon McKee |winning|17,696|41.8|+12.3
Kilmarnock and Loudoun|Scottish Labour|Lillian Jones|winning|19,055|44.9|+26.0
West Aberdeenshire and Kincardine|Labour Party |Kate Blake|None|6,397|13.1|+8.5
North Ayrshire and Arran|Scottish Labour|Irene Campbell|winning|16,821|39.8|+25.9
North Ayrshire and Arran|Socialist Labour Party |James McDaid|None|3,551|8.4|
 Paisley and Renfrewshire South |Scottish Labour Party|Johanna Baxter|winning|19,583|47.4|+21.6
Paisley and Renfrewshire North|Scottish Labour|Alison Taylor |winning|19,561|47.1|+23.4
Livingston|Scottish Labour|Gregor Poynton|None|||
 Glasgow South West|Scottish Labour|Zubir Ahmed|winning|15,552|43.6|+9.8
Edinburgh South|Scottish Labour|Ian Murray |winning|24,976|53.3|+5.6
Inverness|Scottish Labour Party|Michael Perera|None|||
Angus and Perthshire Glens|Scottish Labour|Elizabeth Carr-Ellis|None|6,799|14.4|
Argyll|Scottish Labour|Hamish Maxwell|None|8,585|19.1|
West Dunbartonshire|Scottish Labour|Douglas McAllister|winning|19,312|48.8|+20.2
North East Fife|Scottish Labour Party |Jennifer Gallagher|None|4,026|9.4|+3.9
Aberdeenshire North and Moray East|Labour Party |Andy Brown|None|3,876|10.1|+5.9
Alloa and Grangemouth|Scottish Labour|Brian Leishman|winning|18,039|43.8|+29.3
Arbroath and Broughty Ferry|Scottish Labour|Cheryl-Ann Cruickshank|None|14,722|33.4|+23.2
Bathgate and Linlithgow|Labour and Co-operative|Kirsteen Sullivan|winning|19,774|47.0|
Dundee Central|Labour Party |Richard McCready|None|14,869|38.3|
Dunfermline and Dollar|Scottish Labour Party|Graeme Downie|winning|20,336|45.7|+22.1
East Kilbride and Strathaven|Scottish Labour Party|Joani Reid|winning|22,682|48.6|+27.0
Gordon and Buchan|Scottish Labour|Nurul Hoque Ali|None|4,686||
Inverclyde and Renfrewshire West  |Scottish Labour Party|Martin McCluskey|None|18,931|46.9|+18.7
Mid Dunbartonshire |Scottish Labour|Lorna Dougall|None|10,993|20.8|
Moray West|Scottish Labour|James Hynam|None|||
Perth and Kinross|Scottish Labour|Graham Cox|None|9,018|18.0|+13
Rutherglen|Scottish Labour|Michael Shanks |winning|21,460|50.5|+19.3
Stirling and Strathallan|Scottish Labour Party|Chris Kane|winning|16,856|33.9|+26.2
Airdrie and Shotts|Scottish Labour|Kenneth Stevenson |winning|18,871|51.5|
Central Ayrshire|Scottish Labour|Alan Gemmell |None|||
Central Ayrshire|Socialist Labour Party |Louise McDaid|None|||
East Renfrewshire|Scottish Labour|Blair McDougall|winning|21,935|43.7|+31.3
York Central |Labour and Co-operative|Rachael Maskell|winning|24,537|56.6|+0.2
Calder Valley |Labour Party |Josh Fenton-Glynn|None|22,046|44.4|+2.1
Barnsley North |Labour Party |Dan Jarvis|winning|18,610|50.4|+11.9
Wetherby and Easingwold|Labour Party |Ben Pickles |None|||
Normanton and Hemsworth |Labour Party |Jon Trickett|None|||
Bridlington and The Wolds|Labour Party |Sarah Carter|None|11,721|27.3|7.4
Great Grimsby and Cleethorpes |Labour Party |Melanie Onn|winning|15,336|41.9|+9.7
Kingston upon Hull North |Labour Party |Diana Johnson|None|18,480|48.3|+1.7
Kingston upon Hull West and Haltemprice|Labour Party |Emma Hardy|None|||
Leeds Central and Headingley|Labour and Co-operative|Alex Sobel|None|||0
Leeds West and Pudsey  |Labour Party |Rachel Reeves|winning|18,976|49.3|
Keighley and Ilkley  |Labour Party |John Grogan |None|16,964|36.7|-7.2
Bradford East |Labour Party |Imran Hussain |winning|14,098|37.9|-25.1
Bradford South |Labour Party |Judith Cummins|None|11,833|35.8|-10.9
Colne Valley |Labour Party |Paul Davies |None|||
Dewsbury and Batley|Labour Party |Heather Iqbal|None|8,707|22.9|
Doncaster Central|Labour and Co-operative|Sally Jameson|None|||
Goole and Pocklington |Labour Party |Liam Draycott|None|15,409|31|+10.6
Halifax  |Labour Party |Kate Dearden|None|14,135|35.1|-10.5
Leeds East|Labour Party |Richard Burgon|None|||
Leeds North East|Labour Party |Fabian Hamilton|None|23,260|51.5|-6.0
Leeds North West |Labour Party |Katie White |winning|||
Leeds South|Labour Party |Hilary Benn|None|17,117||
Leeds South West and Morley |Labour Party |Mark Sewards|None|||
Ossett and Denby Dale |Labour Party |Jade Botterill|None|||
Penistone and Stocksbridge|Labour Party |Marie Tidball|winning|19,169|43.6|
Pontefract|Labour Party |Yvette Cooper|winning|17,089|47.5|
Richmond and Northallerton|Labour Party |Tom Wilson|None|10,874|22.4|6.0
Rother Valley|Labour Party |Jake Richards|None|||
Rotherham|Labour Party |Sarah Champion|None|||
Scunthorpe|Labour Party |Nic Dakin|None|15,484|39.7|+4.8
Sheffield Brightside and Hillsborough|Labour Party |Gill Furniss|None|0|0|0
Sheffield Central|Labour Party |Abtisam Mohamed|None|||
Sheffield South East|Labour Party |Clive Betts|None|||
Shipley |Labour Party |Anna Dixon|winning|21,738|45.0|+5.8
Spen Valley|Labour Party |Kim Leadbeater|None|16076|39.2|+5.7
Wakefield and Rothwell|Labour and Co-operative|Simon Lightwood|None|||
Ruislip|Labour Party |Tony Gill|None|13,785|29.3|
Uxbridge and South Ruislip|Labour Party |Danny Beales|winning|16,599|36.2|
Kingston and Surbiton|Labour Party |Eunice O'Dame|None|6,561|13.0|
Harrow West |Labour Co-operative|Gareth Thomas |winning|19,833|43.8|
Islington North|Labour Party |Praful Nargund|None|16,873|34.4|
Vauxhall and Camberwell Green|Labour and Co-operative Party |Florence Eshalomi|winning|21,528|57.4|
Ealing Southall |Labour Party |Deirdre Costigan|None|||
Ealing Southall |Labour Party |Virendra Sharma|winning|25,678|60.8|-9.5
Streatham and Croydon North |Labour and Co-operative Party|Steve Reed |winning|23,232|52.1|-5.8
Beckenham and Penge|Labour Party |Liam Conlon|None|||
Bethnal Green and Stepney|Labour Party |Rushanara Ali|None|||
Brent East|Labour Party |Dawn Butler|winning|19,370|51.2|
Brent West|Labour Party |Barry Gardiner|winning|17,258|41.7|
Bromley and Biggin Hill|Labour Party |Oana Olaru-Holmes|None|15,627|33.4|+8.3
Clapham and Brixton Hill |Labour Party |Bell Ribeiro-Addy|winning|24,166||
Croydon East|Labour Party |Natasha Irons |winning|18,541|42.4|
Croydon West|Labour Party |Sarah Jones |None|||
Edmonton and Winchmore Hill|Labour Party |Kate Osamor|None|||
Edmonton and Winchmore Hill|Labour Party |Clive Efford|None|20,069|44.0|+3.9
Hammersmith and Chiswick|Labour Party |Tulip Siddiq|winning|23,432|48.3|0
Hornsey and Friern Barnet|Labour Party |Catherine West|winning|28,535|58.7|+1.4
Kensington and Bayswater|Labour Party |Joe Powell |None|||
Lewisham North|Labour Party |Vicky Foxcroft|None|||
Lewisham West and East Dulwich|Labour Party |Ellie Reeves|None|||
Peckham|Labour and Co-operative Party |Miatta Fahnbulleh |None|||
Southgate and Wood Green|Labour Party |Bambos Charalambous|winning|23,337|51.1|+2.6
West Ham and Beckton |Labour Party |James Asser|winning|16,434|45.2|-25.5
Barking|Labour Party |Nesil Caliskan|winning|16,227|44.5|
Battersea|Labour Party |Marsha de Cordova|winning|22,983|48.8|
Bermondsey and Old Southwark|Labour Party |Neil Coyle|winning|16,857|44.8|
Bexleyheath and Crayford|Labour Party |Daniel Francis |winning|15717|36.2|+7.2
Brentford and Isleworth|Labour Party |Ruth Cadbury|winning|20,007|44.2|-6.1
Carshalton and Wallington|Labour Party |Hersh Thaker|None|6,108|13.1|
Chelsea and Fulham|Labour Party |Ben Coleman |None|18,556|39.4|+10.3
Chingford and Woodford Green|Labour Party |Shama Tatler|None|12,523|25.8|-19.5
Chipping Barnet|Labour Party |Dan Tomlinson|winning|21,585||
Cities of London and Westminster|Labour and Co-operative|Rachel Blake|winning|15,302|39.0|+10.1
Croydon South|Labour Party |Ben Taylor|None|17,444|35.3|
Dagenham and Rainham|Labour Party |Margaret Mullane|winning|16,571|42.6|
Dulwich and West Norwood|Labour Party |Helen Hayes |winning|27,356|60.3|
Ealing Central and Acton|Labour Party |Rupa Huq|None|||
Ealing Central and Acton|Labour Party |Rupa Huq|winning|28,132|51.3|
Ealing North|Labour and Co-operative|James Murray |None|||
Ealing North|Labour and Co-operative|James Murray |winning|28,036|56.5|
East Ham|Labour Party |Stephen Timms|None|||
Enfield North|Labour Party |Feryal Clark|None|||
Enfield North|Labour Party |Feryal Clark|winning|23,340|51.8|-6.2
Erith and Thamesmead |Labour Party |Abena Oppong-Asare|None|||
Feltham and Heston|Labour and Co-operative Party|Seema Malhotra|None|||
Feltham and Heston|Labour and Co-operative|Seema Malhotra|winning|24,876|52.0|-9.2
Finchley and Golders Green|Labour Party |Sarah Sackman|winning|21,857|44.3|+19.9
Greenwich and Woolwich |Labour Party |Matthew Pennycook|winning|23,999|56.2|-0.6
Hackney South and Shoreditch|Labour and Co-operative Party|Meg Hillier|None|||
Harrow East|Labour Party |Primesh Patel|None|13,786|28.9|
Hayes and Harlington|Labour Party |John McDonnell|None|20,405|53.3|-2.5
Hendon|Labour Party |David Pinto-Duschinsky|winning|15,855|38.4|
Hornchurch and Upminster|Labour Party |Sunny Brar|None|12,939|27.6|+4.7
Ilford North|Labour Party |Wes Streeting|winning|15,647|33.4|-20.7
Ilford South |Labour Party |Jas Athwal|None|||
Lewisham East|Labour Party |Janet Daby|None|23,646|58.2|-4.5
Leyton and Wanstead |Labour Party |Calvin Bailey|winning|20,755|47.5|
Mitcham and Morden |Labour Party |Siobhain McDonagh|None|||
Mitcham and Morden |Labour Party |Siobhain McDonagh|winning|27,964|61.1|-7.6
Old Bexley and Sidcup|Labour Party |Edward Jones|None|14,362|30.2|
Orpington|Labour Party |Ju Owens|None|12,386|26.9|+7.1
Poplar and Limehouse|Labour Party |Apsana Begum|winning|18,535|43.1|
Richmond Park |Labour Party |Laura Coryton|None|||
Richmond Park |Labour Party |Sandra Keen|None|3,407|5.2|
Romford|Labour Party |Andrew Achilleos|None|13,876|31.5|+5.1
Sutton and Cheam|Labour Party |Chrishni Reshekaron|None|8,430|17.7|+3.4
Tooting |Labour Party |Rosena Allin-Khan|None|29,209|55.2|+2.5
Tottenham|Labour Party |David Lammy|winning|35,621|76.0|-5.6
Twickenham |Labour Party |Tom Bruce|None|6,693|12.5|+3.8
Walthamstow|Labour Co-operative|Stella Creasy|winning|27,172|59.3|-16.8
Wimbledon |Labour Party |Eleanor Stringer|None|11,733|21.3|+0.5
Bath|Labour Party |Dan Bewley|None|8,665|18.0|+5.5
Filton and Bradley Stoke|Labour Party |Claire Hazelgrove|winning|22,905|45.5|+9.7
North Somerset|Labour Party |Sadik Al-Hassan|winning|19,138|35.6|+10.6
Thornbury and Yate|Labour Party |Rob Logan|None|5,057|9.5|+0.8
Frome and East Somerset|Labour Party |Robin Moss|None|||
Wells and Mendip Hills|Labour Co-operative|Joe Joseph|None|3,527|7.0|-3.8
Weston|Labour Party |Dan Aldridge|None|||
Camborne and Redruth|Labour Party |Perran Moon|winning|19,360|40.5|+6.3
North Cornwall|Labour Party |Robyn Harris|None|2,958|5.7|-3.9
South East Cornwall|Labour Party |Anna Gelderd|winning|15,670|31.8|
St Ives|Labour Party |Filson Ali|None|2,788|5.8|
Truro and Falmouth|Labour and Co-operative|Jayne Kirkham|winning|20,783|41.3|
Exeter|Labour Party |Steve Race|None|18,225||
Exmouth and Exeter East|Labour Party |Helen Dallimore|None|14,607|28.5|
Honiton and Sidmouth|Labour Party |Jake Bonetta|None|2,947|5.8|
Torridge and Tavistock|Labour Party |Isabel Saxby|None|10,765|21.2|+3.3
Tiverton and Minehead|Labour Party |Jonathan Barter|None|4,325|9.1|
Plymouth Moor View|Labour Party |Fred Thomas |winning|17,665|41.2|
Plymouth Sutton and Devonport|Labour and Co-operative|Luke Pollard|winning|20,795|49.4|
Plymouth Sutton and Devonport|Socialist Labour Party |Robert Hawkins|None|183|0.4|
South Devon|Labour Party |Daniel Steel|None|3,066|6.3|-10.7
Newton Abbot|Labour Party |Jacob Cousens|None|7,115|14.8|-2.9
North Devon|Labour Party |Nicky Edwards|None|3,216|6.3|-2.9
South West Devon|Labour Party |Sarah Allen|None|15,804|30.3|
Christchurch|Labour Party |Joanna Howard|None|7,762|16.4|+3.5
Poole|Labour Party |Neil Duncan-Jordan|winning|14,168|31.8|+11.1
Bournemouth East|Labour Party |Tom Hayes'''|None|18,316|40.8|+8.1
Bournemouth West|Labour Party |Jessica Toale|None|14365|36.4|+4.6
Mid Dorset and North Poole|Labour Party |Candice Johnson-Cole|None|4,566|9.2|+1.9
West Dorset|Labour Party |Donna Lumsden|None|3,086|5.8|-3.6
Cheltenham|Labour Party |Lara Chaplin|None|2,665|5.4|
Forest of Dean|Labour Party |Matt Bishop |None|16,373|34.0|+5.2
Gloucester|Socialist Labour Party |Saiham Sikder|None|90|0.2|
Gloucester|Labour Party |Alex McIntyre|winning|16,472|36.1|
Gloucester|Socialist Labour Party |Akhlaque Ahmed|None|496|1.1|
Tewkesbury|Labour Party |Damola Animashaun|None|4,298|8.9|
South Cotswolds|Labour Party |Zo|None|3,942|7.5|
North Cotswolds|Labour Party |Anna Mainwaring|None|8593|17.1|+0.6
Bridgwater|Labour Party |Leigh Redman|None|10,932|27.20|+6.5
Yeovil|Labour Party |Rebecca Montacute|None|3,002|6.1|-0.2
Glastonbury and Somerton|Labour Party |Hal Hooberman|None|||
Taunton and Wellington|Labour Party |Brenda Weston|None|11,939||
Melksham and Devizes|Labour Party |Kerry Postlewhite |None|4,597|9|-3
East Wiltshire|Labour Party |Rob Newman|None|||
South West Wiltshire|Labour Party |Evelyn Akoto|None|12,374||
Swindon North|Labour Party |Will Stone|winning|17,930|40.6|
Swindon South|Labour Party |Heidi Alexander|winning|21,676|48.4|
Chippenham|Labour Party |Ravi Venkatesh|None|3,925|7.9|
Salisbury|Labour Party |Matt Aldridge|None|13,303|26.5|+7.8
Bristol Central|Labour Party |Thangam Debbonaire|None|14,132|32.6|-25.9
Bristol East|Labour Party |Kerry McCarthy|winning|20,748|45.0|-13.4
Bristol North East|Labour Party |Damien Egan|winning|19,004|45.3|-5.0
Bristol North West|Labour Party |Darren Jones |winning|24,058|49.6|+0.7
Bristol South|Labour Party |Karin Smyth|winning|18,521|42.7|-8.9
