The Wrekin|Liberal Democrats |Anthony Lowe|None|4,757|9.5|+1.5
North Shropshire|Liberal Democrats |Helen Morgan |winning|26,214|52.9|+42.5
Shrewsbury|Liberal Democrats |Alex Wagner|None|6,722|13.0|0
South Shropshire|Liberal Democrats |Matthew Green |None|||0
Telford|Liberal Democrats |Jo McKenna|None|1,560|3.8|-2.4
Kingswinford and South Staffordshire|Liberal Democrats |Gully Bansal|None|||0
Burton and Uttoxeter|Liberal Democrats |Sarah Murray|None|1,663|3.6|-1.9
Cannock Chase|Liberal Democrats |Elizabeth Jewkes|None|||
Lichfield|Liberal Democrats |Paul Ray|None|810|1.64|42.06
Newcastle|Liberal Democrats |Nigel Jones|None|1,987|5.0|-0.6
Stafford|Liberal Democrats |Peter Andras|None|1,676|3.6|-2.8
Staffordshire Moorlands|Liberal Democrats |Graham Oakes|None|||
Stoke|Liberal Democrats |Laura McCarthy|None|999|2.8|
Stoke|Liberal Democrats |Lucy Hurds|None|911|2.5|-0.8
Stoke|Liberal Democrats |Alec Sandiford|None|||
Tamworth|Liberal Democrats |Jed Marson|None|||
Rugby|Liberal Democrats |Richard Dickson|None|3,252|6.6|-1.7
Kenilworth and Southam|Liberal Democrats |Jenny Wilkinson|None|||0
Nuneaton|Liberal Democrats |Joy Salaja|None|1,340|3.3|-0.8
Stratford|Liberal Democrats |Manuela Perteghella|None|23,450|44.3|+20
Warwick and Leamington|Liberal Democrats |Louis Adam|None|3,881|7.9|-3.0
North Warwickshire and Bedworth|Liberal Democrats |Guy Burchett|None|||
Meriden and Solihull East|Liberal Democrats |Sunny Virk|None|||0
Solihull West and Shirley|Liberal Democrats |Ade Adeyemo|None|7,916|16.9|+1.2
Aldridge|Liberal Democrats |Ian Garrett|None|1,755|4.3|
Coventry East |Liberal Democrats |Mike Massimi|None|||
Dudley|Liberal Democrats |Ian Flynn |None|1,056||0
Halesowen|Liberal Democrats |Ryan Priest|None|||
Smethwick|Liberal Democrats |Oliver Patrick|None|||
Stourbridge|Liberal Democrats |Chris Bramall|None|||
Wolverhampton North East|Liberal Democrats |Peter Thornton|None|||
Wolverhampton South East|Liberal Democrats |Bart Ricketts|None|||
Droitwich and Evesham|Liberal Democrats |Oliver Walker |None|||
Redditch|Liberal Democrats |Andrew Fieldsend-Roxborough|None|2,165|5.1|-1.3
West Worcestershire|Liberal Democrats |Dan Boatright|None|||
Worcester|Liberal Democrats |Mel Allcott|None|3,986|8.7|+1.5
Wyre Forest|Liberal Democrats |Shazu Miah|None|||
Wolverhampton West|Liberal Democrats |Phillip Howells|None|||
Coventry North West|Liberal Democrats |Tom Holder|None|||
Coventry South|Liberal Democrats |Stephen Richmond|None|2531|5.9|-0.8
Birmingham Hodge Hill and Solihull North|Liberal Democrats |Qasim Esak|None|||
Birmingham Hall Green and Moseley|Liberal Democrats |Izzy Knowles|None|||
Birmingham Edgbaston|Liberal Democrats |Colin Green|None|||
Birmingham Erdington|Liberal Democrats |Farzana Aslam|None|||
Birmingham Ladywood|Liberal Democrats |Lee Dargue|None|1,711|4.7|+1.9
Birmingham Northfield|Liberal Democrats |Jerry Evans|None|1,791|4.8|+0.2
Birmingham Perry Barr|Liberal Democrats |Sabah Hamed|None|1,302|3.5|
Birmingham Selly Oak|Liberal Democrats |David Radcliffe|None|2,324|6.0|
Birmingham Yardley|Liberal Democrats |Roger Harmer|None|3,634|10.1|
Sutton Coldfield|Liberal Democrats |John Sweeney |None|2,587|5.4|-6.8
North East Hertfordshire|Liberal Democrats |Ruth Brown|None|5,463|10.4|-5.1
South West Hertfordshire|Liberal Democrats |Sally Symington|None|12,002|24.9|+12.2
St Albans|Liberal Democrats |Daisy Cooper|winning|29,222|56.6|+6.7
Hertford and Stortford|Liberal Democrats |Helen Campbell|None|4,167|7.7|-6.5
Hertsmere|Liberal Democrats |Emma Matanle|None|3,710|7.7|-3.2
Broxbourne|Liberal Democrats |Nick Belfitt|None|2,688|6.3|-2.7
Watford|Liberal Democrats |Ian Stotesbury|None|7,577|17.0|-0.7
Hemel Hempstead|Liberal Democrats |Sammy Barry-Mears|None|5,096|11.6|+0.2
Stevenage|Liberal Democrats |Lisa Nash|None|3,467|8.1|-0.6
Harpenden and Berkhamsted|Liberal Democrats |Victoria Collins|winning|27,282|50.2|+24.9
Welwyn Hatfield|Liberal Democrats |John Munro|None|3,117|6.4|-6.3
Hitchin|Liberal Democrats |Chris Lucas|None|||
South Derbyshire|Liberal Democrats |Lucy Care|None|||
Amber Valley|Liberal Democrats |Kate Smith|None|3,554|8.3|
Bolsover |Liberal Democrats |David Hancock|None|6,323|14.9|
High Peak|Liberal Democrats |Peter Hirst|None|||
Mid Derbyshire|Liberal Democrats |Barry Holliday|None|2,361|5.0|-4.6
North East Derbyshire |Liberal Democrats |Ross Shipman|None|2,159|4.7|-1.4
Chesterfield |Liberal Democrats |Ian Barfield|None|2,553|6.1|
Derby North |Liberal Democrats |John Sweeney|None|||
Derby South|Liberal Democrats |Joe Naitta|None|1,807|4.8|
North West Leicestershire|Liberal Democrats |Alice Delemare|None|1,629|3.4|-3.4
Hinckley and Bosworth|Liberal Democrats |Michael Mullaney|None|||
Harborough|Liberal Democrats |Phil Knowles|None|4732|9|
Leicester East|Liberal Democrats |Zuffar Haq|None|6,329|13.5|+7.9
Leicester West|Liberal Democrats |Benjamin Feist|None|2,179|6.2|
Loughborough|Liberal Democrats |Ian Sharpe|None|||
South Leicestershire|Liberal Democrats |Paul Hartshorn|None|||
Leicester South|Liberal Democrats |Carol Weaver|None|1,425|3.4|
Melton and Syston|Liberal Democrats |Andy Konieczko|None|2,547|5.5|-2.2
Mid Leicestershire|Liberal Democrats |Ian Bradwell|None|||
Rutland and Stamford |Liberal Democrats |James Moore|None|6,252|12.9|-2.9
South Holland and the Deepings|Liberal Democrats |Jack Braginton|None|1,945|4.2|
Louth and Horncastle|Liberal Democrats |Ross Pepper|None|2,364|5.1|-2.7
Sleaford and North Hykeham |Liberal Democrats |Matthew Winnington|None|4,346|8.9|
Lincoln|Liberal Democrats |Clare Smalley|None|2580|6.1|+1.3
Lincoln|Liberal Party |Charles Shaw|None|278|0.7|+0.1
Grantham and Bourne|Liberal Democrats |John Vincent|None|2,027|4.4|-4.6
Kettering |Liberal Democrats |Sarah Ryan|None|1357|2.7|-4.0
Northampton North|Liberal Democrats |Chris Leggett|None|2,251|5.4|-0.3
Northampton South|Liberal Democrats |Jill Hope|None|3,193|7.3|-0.6
South Northamptonshire|Liberal Democrats |Stewart Tolley|None|4,989|9.3|-1.8
Daventry|Liberal Democrats |Jonathan Harris|None|6,755|12.7|+0.4
Corby and East Northamptonshire |Liberal Democrats |Chris Lofts|None|2,191|4.4|-2.4
Wellingborough and Rushden |Liberal Democrats |Christopher Townsend|None|5,486|13|
Nottingham East|Liberal Democrats |Anita Prabhaker|None|||
Newark|Liberal Democrats |David Watts|None|||
Bassetlaw|Liberal Democrats |Helen Tamblyn-Saville|None|1,996|4.5|
Broxtowe |Liberal Democrats |James Collis |None|||
Gedling|Liberal Democrats |Tad Jones|None|||
Mansfield|Liberal Democrats |Michael Wyatt|None|||
Nottingham South|Liberal Democrats |Christina Morgan-Danvers|None|||
Ashfield|Liberal Democrats |Daniel Holmes|None|5,509|13|
Rushcliffe |Liberal Democrats |Greg Webb|None|3,133|5.4|-10.6
Nottingham North and Kimberley|Liberal Democrats |David Schmitz |None|||
Sherwood Forest|Liberal Democrats |David Dobbie|None|||
Redcar|Liberal Democrats |Chris Jones|None|1,542|4.0|-0.8
Middlesbrough and Thornaby East|Liberal Democrats |Mo Waqas|None|1,037|3.0|+0.4
Stockton West|Liberal Democrats |Nigel Frederick Boddy|None|1,203|2.5|-1.9
Stockton North|Liberal Democrats |Jo Barton|None|1,133|3.0|-1.0
Hartlepool|Liberal Democrats |Peter Maughan|None|572|1.6|-2.5
Blaydon and Consett|Liberal Democrats |Vicky Anderson|None|2,273|5.4|+0.8
City of Durham |Liberal Democrats |Mark Wilkes|None|5,920|14.6|-2.3
Darlington|Liberal Democrats |Simon Thorley|None|2,298|5.4|
Easington|Liberal Democrats |Tony Ferguson|None|6,542|19.1|+14.6
Newton Aycliffe and Spennymoor|Liberal Democrats |Anne-Marie Curry|None|||
Cramlington and Killingworth|Liberal Democrats |Thom Campion|None|1,898|4.2|-1.0
North Northumberland|Liberal Democrats |Natalie Younes|None|5,169|10.6|-5.5
Sunderland Central|Liberal Democrats |Niall Hodson|None|3,602|9.0|+2.0
Houghton and Sunderland South|Liberal Democrats |Paul Edgeworth|None|2,290|5.7|
Gateshead Central and Whickham|Liberal Democrats |Ron Beadle|None|4,987|12.4|+0.2
Jarrow and Gateshead East|Liberal Democrats |James Rickelton|None|||
Washington and Gateshead South|Liberal Democrats |Ciaran Morrissey|None|1,602|4.3|-0.6
Newcastle upon Tyne Central and West |Liberal Democrats |Ali Avaei|None|1,946|4.7|+1.7
Newcastle upon Tyne East and Wallsend |Liberal Democrats |Mark Ridyard|None|2,965|7.0|
Newcastle upon Tyne North |Liberal Democrats |Aidan King|None|5,936|12.2|
South Shields|Liberal Democrats |Jonathan Aibi|None|6,653|18.1|
Tynemouth|Liberal Democrats |John Appleby|None|||
Bangor Aberconwy|Welsh Liberal Democrats|Rachael Roberts|None|1,524|3.7|-0.7
Clwyd East|Welsh Liberal Democrats|Alec Dauncey|None|1,859|3.9|
Clwyd North|Welsh Liberal Democrats|David Wilkins|None|||
Alyn and Deeside|Welsh Liberal Democrats|Richard Marbrow|None|2,065|4.8|
Dwyfor Meirionnydd|Welsh Liberal Democrats|Phoebe Jenkins|None|1,381|3.4|
Wrexham|Welsh Liberal Democrats|Timothy John Sly|None|1,777|4.4|+0.1
Gower|Liberal Democrats |Franck Banza|None|2,593|5.5|-0.4
Aberafan Maesteg|Welsh Liberal Democrats|Justin Griffiths|None|916|2.6|-1.1
Blaenau Gwent and Rhymney|Welsh Liberal Democrats|Jackie Charlton|None|1,268|4.2|
Merthyr Tydfil and Aberdare|Welsh Liberal Democrats|Jade Smith|None|||
Mid and South Pembrokeshire|Welsh Liberal Democrats|Alistair Cameron|None|2,372|5.1|+0.5
Cardiff East|Liberal Democrats |Rodney Berman|None|6,736|17.2|+4.9
Monmouthshire|Welsh Liberal Democrats|William Powell |None|2,279|4.5|-5.1
Bridgend|Welsh Liberal Democrats|Claire Waller|None|8,595|20.8|
Caerphilly|Welsh Liberal Democrats|Steve Aicheler|None|1,788|4.7|
Cardiff North|Welsh Liberal Democrats|Irfan Latif|None|3,168|6.7|
Cardiff South and Penarth|Welsh Liberal Democrats|Alex Wilson|None|||
 Cardiff West|Welsh Liberal Democrats|Manda Rigby|None|1,921|4.3|-1.0
Llanelli|Welsh Liberal Democrats|Chris Passmore|None|1,254|3.1|+3.1
Newport East|Welsh Liberal Democrats|John Miller|None|2,045|5.3|-0.4
Swansea West|Welsh Liberal Democrats|Michael O'Carroll|None|4,367|12.2|+5.8
Torfaen|Welsh Liberal Democrats|Brendan Roberts|None|1,644|4.6|-0.4
Vale of Glamorgan|Welsh Liberal Democrats|Steven Rajam|None|1,612|3.5|+3.5
North East Hertfordshire|Liberal Democrats |Ruth Brown|None|5,463|10.4|-5.1
South West Hertfordshire|Liberal Democrats |Sally Symington|None|12,002|24.9|+12.2
St Albans|Liberal Democrats |Daisy Cooper|winning|29,222|56.6|+6.7
Hertford and Stortford|Liberal Democrats |Helen Campbell|None|4,167|7.7|-6.5
Hertsmere|Liberal Democrats |Emma Matanle|None|3,710|7.7|-3.2
Broxbourne|Liberal Democrats |Nick Belfitt|None|2,688|6.3|-2.7
Watford|Liberal Democrats |Ian Stotesbury|None|7,577|17.0|
Hemel Hempstead|Liberal Democrats |Sammy Barry-Mears|None|5,096|11.6|+0.2
Stevenage|Liberal Democrats |Lisa Nash|None|3,467|8.1|-0.6
Harpenden and Berkhamsted|Liberal Democrats |Victoria Collins|winning|27,282|50.2|+24.9
Welwyn Hatfield|Liberal Democrats |John Munro|None|3,117|6.4|-6.3
Hitchin|Liberal Democrats |Chris Lucas|None|||
Luton North|Liberal Democrats |Linda Jack|None|2,063|4.8|+3.1
Bedford|Liberal Democrats |Henry Vann|None|4,025|9.9|-0.1
Luton South and South Bedfordshire|Liberal Democrats |Dominic Griffiths |None|2,400|6.3|
North East Cambridgeshire|Liberal Democrats |David Chalmers|None|2,716|6.9|+0.2
North West Cambridgeshire|Liberal Democrats |Bridget Smith|None|3,192|7.19|-3.43
Huntingdon|Liberal Democrats |Mark Argent|None|4,821|9.3|
Peterborough|Liberal Democrats |Nick Sandford|None|1,746|4.2|-0.7
Cambridge|Liberal Democrats |Cheney Payne|None|8,536|20.3|-10.3
Ely and East Cambridgeshire|Liberal Democrats |Charlotte Cane|winning|17,127|32.7|+3.4
St Neots and Mid Cambridgeshire|Liberal Democrats |Ian Sollom|winning|19,517|36.9|+10.1
Brentwood and Ongar|Liberal Democrats |David Kendall|None|5,809|12|-1.6
Southend East and Rochford|Liberal Democrats |James Allen|None|||
Braintree|Liberal Democrats |Kieron Franks|None|2,879|5.9|
Epping Forest|Liberal Democrats |Jon Whitehouse|None|5,268|12.6|+1.9
Harlow|Liberal Democrats |Riad Mannan|None|1,350|3.1|-2.8
Southend West and Leigh|Liberal Democrats |Stephen Cummins|None|3,174|6.8|
Thurrock |Liberal Democrats |Michael Bukola|None|1,157|3.1|-0.1
Basildon and Billericay|Liberal Democrats |Edward Sainsbury|None|2,292|5.3|
Harwich and North Essex|Liberal Democrats |Natalie Sommers|None|3,561|7.4|-3.3
South Basildon and East Thurrock|Liberal Democrats |Dave Thomas|None|1,071|2.7|
Maldon|Liberal Democrats |Simon Burwood|None|5,882|11.8|+0.1
Rayleigh and Wickford|Liberal Democrats |Stewart Mott|None|4,068|8.5|+0.8
Witham|Liberal Democrats |Ashley Thompson|None|3,439|6.8|-3.2
Castle Point|Liberal Democrats |James Willis|None|3,251||
Chelmsford|Liberal Democrats |Marie Goldman|winning|20,214|39.9|+13.8
Clacton|Liberal Democrats |Matthew Bensilum|None|2,016|4.4|
Colchester|Liberal Democrats |Martin Goss|None|6,393|14.2|-0.5
North West Essex|Liberal Democrats |Smita Rajesh|None|6,055|11.1|-8.6
South West Norfolk|Liberal Democrats |Josie Ratcliffe|None|2,618|5.9|
South Norfolk|Liberal Democrats |Christopher Brown|None|5,746|11.6|-5.4
North West Norfolk |Liberal Democrats |Rob Colwell|None|6,492|14.6|+6.9
Norwich South |Liberal Democrats |Sean Bennett|None|||
Great Yarmouth|Liberal Democrats |Fionna Tod|None|1,102|2.7|-1.1
Norwich North|Liberal Democrats |Chicka Bilikisu Akinwale|None|2,073|4.5|-1.7
Broadland and Fakenham|Liberal Democrats |Leyla Hannbeck|None|||
Mid Norfolk|Liberal Democrats |Stuart Howard|None|3,126|6.8|-3.6
North Norfolk|Liberal Democrats |Steffan Aquarone|winning|19,488|41.4|+11.0
Waveney Valley|Liberal Democrats |John Richard Shreeve|None|1,214|2.5|-6.7
South Suffolk|Liberal Democrats |Tom Bartleet|None|6,424|13.2|+0.5
Suffolk Coastal|Liberal Democrats |Julia Ewart|None|6,947|14.0|+4.5
Ipswich|Liberal Democrats |James Sandbach|None|3,652|5.1|
Central Suffolk and North Ipswich|Liberal Democrats |Brett Mickelburgh |None|||
Bury St Edmunds and Stowmarket|Liberal Democrats |Peter McDonald|None|3,154|6.2|5.1
West Suffolk|Liberal Democrats |Henry Batchelor|None|4,284|9.3|+0.3
Barrow and Furness|Liberal Democrats |Adrian Waite|None|1,680|4.0|
Birkenhead|Liberal Democrats |Stuart Kelly|None|||
Blackburn|Liberal Democrats |Adam Waller-Slack|None|689|1.8|-0.6
Blackpool South|Liberal Democrats |Andy Cregan|None|1,041||
Bootle|Liberal Democrats |John Gibson|None|||
West Lancashire|Liberal Democrats |Graham Smith|None|2043|4.6|-0.3
Liverpool Riverside |Liberal Democrats |Rebecca Turner|None|||
Liverpool Riverside |Liberal Party |Sean Weaver|None|||
Liverpool Wavertree|Liberal Democrats |Rob McAlister-Bell|None|||
Liverpool West Derby|Liberal Party |Steve Radford|None|2,336|6.1|+2.2
Liverpool West Derby|Liberal Democrats |Kayleigh Halpin|None|20423|53.8|
Morecambe and Lunesdale|Liberal Democrats |Peter Jackson|None|||
Preston|Liberal Democrats |Neil Darby|None|3,195|8.0|
South Ribble|Liberal Democrats |Angela Turner|None|2,972|6.4|
Ribble Valley|Liberal Democrats |John Potter|None|5,001|9.6|+1.6
Rossendale and Darwen|Liberal Democrats |Rowan Fitton|None|1,241|2.8|
St Helens North|Liberal Democrats |Pat Moloney|None|||
Sefton Central |Liberal Democrats |Gareth Lloyd-Johnson|None|||
Southport|Liberal Democrats |Erin Harvey|None|5,868|13|
St Helens South and Whiston|Liberal Democrats |Brian Spencer|None|||
Wallasey |Liberal Democrats |Vicky Downie|None|1,843|4.3|+0.4
Westmorland and Lonsdale|Liberal Democrats |Tim Farron|winning|31,061|62.7|+22.0
Wirral West|Liberal Democrats |Peter Reisdorf|None|3,055|6|
Carlisle|Liberal Democrats |Brian Wernham|None|2,982|6.5|+1.5
Burnley|Liberal Democrats |Gordon Birtwistle|None|||
Knowsley|Liberal Democrats |Kate Tipton|None|1,232|3.4|+0.9
Bolton West|Liberal Democrats |Donald McIntosh|None|1,966||
Bolton North East|Liberal Democrats |Rebecca Forrest|None|1,507|3.5|-0.9
Manchester Withington|Liberal Democrats |Richard Kilpatrick|None|5,412|13.0|
Whitehaven |Liberal Democrats |Chris Wills|None|13,286|31.7|
Penrith and Solway|Liberal Democrats |Julia Aglionby|None|4,742|9.6|+1.5
Chester South and Eddisbury|Liberal Democrats |Rob Herd|None|5,430|10.3|-5.0
Ellesmere Port and Bromborough|Liberal Democrats |Stephen Gribbon|None|||
Ellesmere Port and Bromborough|Liberal Democrats |Chris Carubia|None|2,328|5.5|-1.9
Bolton South and Walkden|Liberal Democrats |Gemma-Jane Bowker|None|1,384|3.7|-0.2
Worsley and Eccles|Liberal Democrats |Jemma |None|||
Pendle and Clitheroe|Liberal Democrats |Anna Fryer|None|2,039|4.4|-2.9
Manchester Central |Liberal Democrats |Chris Northwood|None|3,051|7.7|+4.6
Falkirk|Scottish Liberal Democrats|Tim McKay|None|1,092|2.6|-4.2
Glasgow East|Scottish Liberal Democrats|Matthew Clark|None|872|2.5|
Glasgow North|Scottish Liberal Democrats|Daniel O'Malley|None|1,142|3.3|-1.9
 Glasgow North East|Scottish Liberal Democrats|Sheila Thomson|None|592|1.7|-1.7
Glasgow South|Scottish Liberal Democrats|Peter McLaughlin|None|1,316|3.1|-2.9
Kilmarnock and Loudoun|Scottish Liberal Democrats|Edward Thornley|None|850|2.0|-3.1
West Aberdeenshire and Kincardine|Scottish Liberal Democrats|Michael Turvey|None|6,342|13|1.3
North Ayrshire and Arran|Scottish Liberal Democrats|Gillian Cole-Hamilton|None|1,005|2.4|-2.0
 Paisley and Renfrewshire South |Scottish Liberal Democrats|Jack Clark|None|1,315|3.2|-3.0
Paisley and Renfrewshire North|Scottish Liberal Democrats|Grant Toghill|None|6,333|15.2|
Livingston|Scottish Liberal Democrats|Caron Lindsay|None|2,025|4.5|-1.7
 Glasgow South West|Scottish Liberal Democrats|Paul McGarry|None|958|2.7|-1.7
Edinburgh South|Scottish Liberal Democrats|Andy Williamson|None|2,746|5.9|-1.8
Inverness|Scottish Liberal Democrats|Angus MacDonald|None|||
Angus and Perthshire Glens|Scottish Liberal Democrats|Claire McLaren|None|3,156|6.7|
Argyll|Scottish Liberal Democrats|Alan Reid |None|7,359|16.4|
West Dunbartonshire|Liberal Democrats |Paul Donald Kennedy|None|839|2.1|-2.1
North East Fife|Scottish Liberal Democrats|Wendy Chamberlain|winning|23,384|54.7|+15.2
Aberdeenshire North and Moray East|Liberal Democrats |Ian Bailey|None|2,782|7.3|+2.9
Alloa and Grangemouth|Scottish Liberal Democrats|Adrian May|None|1,151|2.8|-2.5
Arbroath and Broughty Ferry|Scottish Liberal Democrats|David Evans|None|2,249|5.1|+8.6
Bathgate and Linlithgow|Scottish Liberal Democrats|Sally Pattle|None|2,171|5.2|
Dundee Central|Scottish Liberal Democrats|Daniel Coleman|None|2,402|6.2|
Dunfermline and Dollar|Scottish Liberal Democrats|Lauren Buchanan-Quigley|None|3,181|7.1|-1.3
East Kilbride and Strathaven|Scottish Liberal Democrats|Aisha Mir|None|1,074|2.3|-4.6
Gordon and Buchan|Scottish Liberal Democrats|Conrad Wood|None|7,307||
Inverclyde and Renfrewshire West  |Scottish Liberal Democrats|Ross Stalker|None|1,259|3.1|-3.3
Mid Dunbartonshire |Scottish Liberal Democrats|Susan Murray|winning|22,349|42.4|
Moray West|Scottish Liberal Democrats|Neil Alexander|None|||
Perth and Kinross|Scottish Liberal Democrats|Amanda Clark|None|3,681|7.4|-0.6
Rutherglen|Scottish Liberal Democrats|Gloria Adebo|None|1,714|4.0|
Stirling and Strathallan|Scottish Liberal Democrats|Hamish Taylor|None|2,530|5.1|-0.7
Airdrie and Shotts|Scottish Liberal Democrats|Lewis Younie|None|725|2.0|
Central Ayrshire|Scottish Liberal Democrats|Elaine Ford|None|||
East Renfrewshire|Scottish Liberal Democrats|Alan Grant|None|1,150|2.3|-5.2
East Renfrewshire|Liberal Party |Allan Steele|None|481|1.0|
York Central |Liberal Democrats |Alan Page|None|3,051|7|-0.8
Calder Valley |Liberal Democrats |Donal O'Hanlon|None|2,587|5.2|+0.1
Rawmarsh and Conisbrough|Liberal Democrats |Paul Horton|None|1,137|3.4|-0.3
Barnsley North |Liberal Democrats |Penny Baker|None|1,336|3.6|0.0
Wetherby and Easingwold|Liberal Democrats |James Monaghan |None|||
Normanton and Hemsworth |Liberal Democrats |Craig Dobson|None|||
Bridlington and The Wolds|Liberal Democrats |Jayne Phoenix|None|3,097|7.2|-0.3
Great Grimsby and Cleethorpes |Liberal Democrats |John Craig Lawson|None|1,036|2.8|-2.1
Kingston upon Hull North |Liberal Democrats |Craig Woolmer|None|||
Kingston upon Hull West and Haltemprice|Liberal Democrats |Linda Johnson|None|||
Leeds Central and Headingley|Liberal Democrats |Chris Howley|None|||0
Leeds West and Pudsey  |Liberal Democrats |Dan Walker |None|1,743|4.5|
Keighley and Ilkley  |Liberal Democrats |Chris Adams |None|970|2.1|-2.8
Bradford East |Liberal Democrats |Robert Michael St John O'Carroll  |None|1,910|5.1|-2.6
Bradford South |Liberal Democrats  |Anthony Smith|None|954|2.9|-0.8
Colne Valley |Liberal Democrats |Katharine Macy|None|||
Dewsbury and Batley|Liberal Democrats |John Edward Rossington|None|6,934|18.2|
Doncaster Central|Liberal Democrats |Greg Ruback|None|||
Goole and Pocklington |Liberal Democrats |Dale Richard Needham|None|3,380|6.8|-1.0
Halifax  |Liberal Democrats |Samuel Jackson|None|2,359|5.9|+1.1
Huddersfield|Liberal Democrats |Jan Dobrucki|None|||
Leeds East|Liberal Democrats |Tobie Abel|None|||
Leeds North East|Liberal Democrats |Gary Busuttil|None|2,168|4.8|-6.4
Leeds North West |Liberal Democrats |Ryk Downes|None|||
Leeds South|Liberal Democrats |George Sykes|None|1,340||
Leeds South West and Morley |Liberal Democrats |Michael Fox|None|1,798|4.5|+1.7
Ossett and Denby Dale |Liberal Democrats |James Wilkinson |None|||
Penistone and Stocksbridge|Liberal Democrats |Robert Reiss|None|2,866|6.5|
Pontefract|Liberal Democrats |Jamie Needle|None|1,213|3.4|
Richmond and Northallerton|Liberal Democrats |Daniel Callaghan|None|4,322|8.9|-3.6
Rotherham|Liberal Democrats |Adam Carter|None|||
Scunthorpe|Liberal Democrats |Cahal Burke|None|942|2.4|-0.2
Sheffield Brightside and Hillsborough|Liberal Democrats |Will Sapwell|None|||
Sheffield Central|Liberal Democrats |Sam Christmas|None|||
Sheffield South East|Liberal Democrats |Sophie Thornton|None|||
Shipley |Liberal Democrats |Graham Richard Reed |None|1,341|2.8|-3.1
Spen Valley|Liberal Democrats |Alison Brelsford|None|||
Wakefield and Rothwell|Liberal Democrats |Stewart Golton |None|||
Ruislip|Liberal Democrats |Jonathan Banks|None|4,343|9.2|
Uxbridge and South Ruislip|Liberal Democrats |Ian Rex-Hawkes|None|1,752|3.8|
Kingston and Surbiton|Liberal Democrats |Ed Davey|winning|25,870|51.1|
Harrow West |Liberal Democrats |Chris Noyce|None|2,404|5.3|
Islington North|Liberal Democrats |Vikas Aggarwal|None|1,661|3.4|
Vauxhall and Camberwell Green|Liberal Democrats |Chris French|None|4,549|12.1|
Ealing Southall |Liberal Democrats |Tariq Mahmood|None|||
Ealing Southall |Liberal Democrats |Tariq Mahmood|None|3,933|9.3|+5.1
Streatham and Croydon North |Liberal Democrats |Claire Bonham|None|5,031|11.3|-6.2
Beckenham and Penge|Liberal Democrats |Chloe-Jane Ross|None|||
Bethnal Green and Stepney|Liberal Democrats |Rabina Khan|None|||
Brent East|Liberal Democrats |Jonny Singh|None|2,635|7.0|
Brent West|Liberal Democrats |Paul Lorber|None|3,013|7.3|
Bromley and Biggin Hill|Liberal Democrats |Julie Ireland|None|4,352|9.3|-6.7
Clapham and Brixton Hill |Liberal Democrats |Ben Curtis|None|||
Croydon East|Liberal Democrats |Andrew Pelling|None|3,563|8.1|
Croydon West|Liberal Democrats |Jahir Hussain|None|||
Edmonton and Winchmore Hill|Liberal Democrats |Tim Martin|None|||
Edmonton and Winchmore Hill|Liberal Democrats |Ulysse Abbate|None|2,423|5.3|-2.2
Hammersmith and Chiswick|Liberal Democrats |Eraj Rostaqi|None|||
Hammersmith and Chiswick|Liberal Democrats |Scott Emery|None|6,181|12.7|0
Hornsey and Friern Barnet|Liberal Democrats |Dawn Barnes|None|6,099|12.5|-13.1
Kensington and Bayswater|Liberal Democrats |William Houngbo |None|||
Lewisham North|Liberal Democrats |Jean Branch|None|||
Lewisham West and East Dulwich|Liberal Democrats |Josh Matthews|None|||
Peckham|Liberal Democrats |David Watson|None|||
Queen|Liberal Democrats |Helen Baxter|None|3,417|8.9|-5
Southgate and Wood Green|Liberal Democrats |Lauren Fulbright|None|3,925|8.6|-0.6
West Ham and Beckton |Liberal Democrats |Emily Bigland|None|1,606|4.4|-1.7
Barking|Liberal Democrats |Charley Hasted|None|1,015|2.8|
Battersea|Liberal Democrats |Francis Chubb|None|4,826|10.3|
Bermondsey and Old Southwark|Liberal Democrats |Rachel Bentley|None|9,070|24.1|
Bexleyheath and Crayford|Liberal Democrats |David McBride|None|2204|5.1|
Brentford and Isleworth|Liberal Democrats |Kuldev Sehra|None|3,863|8.5|-7.8
Carshalton and Wallington|Liberal Democrats |Bobby Dean |winning|20,126|43.1|
Chelsea and Fulham|Liberal Democrats |Blaise Baquiche|None|3,611|7.7|
Chingford and Woodford Green|Liberal Democrats |Josh Hadley|None|||
Chipping Barnet|Liberal Democrats |Mark Durrant|None|2,614||
Cities of London and Westminster|Liberal Democrats |Edward Lucas |None|4,335|11.1|
Croydon South|Liberal Democrats |Richard Howard|None|4,384|8.9|
Dagenham and Rainham|Liberal Democrats |Francesca Flack|None|1,033|2.7|
Dulwich and West Norwood|Liberal Democrats |Donna Harris|None|3,485|7.7|
Ealing Central and Acton|Liberal Democrats |Alastair Mitton|None|||
Ealing Central and Acton|Liberal Democrats |Sonul Badiani|None|9,444|17.2|
Ealing North|Liberal Democrats |Craig O|None|||
Ealing North|Liberal Democrats |Henrietta Bewley|None|4,370|8.8|+6.4
East Ham|Liberal Democrats |Hillary Briffa|None|||
Enfield North|Liberal Democrats |Guy Russo|None|||
Enfield North|Liberal Democrats |Guy Russo|None|2,950|6.5|+4.4
Erith and Thamesmead |Liberal Democrats |Pierce Chalmers|None|||
Feltham and Heston|Liberal Democrats |Dhruv Sengupta|None|||
Feltham and Heston|Liberal Democrats |Hina Malik|None|3,127|6.5|+3.9
Finchley and Golders Green|Liberal Democrats |Sarah Hoyle|None|3,375|6.8|-25.0
Greenwich and Woolwich |Liberal Democrats |Chris Annous|None|3,865|9.0|-4.7
Hackney South and Shoreditch|Liberal Democrats |Theo Roos|None|||
Harrow East|Liberal Democrats |Reetendra Nath Banerji|None|1,511|3.2|
Hayes and Harlington|Liberal Democrats |Alex Cunliffe|None|1,316|3.4|-1.0
Hendon|Liberal Democrats |Clareine Enderby|None|1,966|4.8|
Hornchurch and Upminster|Liberal Democrats |Ian Sanderson|None|2,381|5.1|-2.0
Ilford North|Liberal Democrats |Fraser Coppin|None|528|1.2|
Ilford South |Liberal Democrats |Richard Clare|None|||
Lewisham East|Liberal Democrats |Callum Littlemore|None|2,471|6.1|-4.0
Leyton and Wanstead |Liberal Democrats |Tara Copeland|None|2,815|6.4|
Mitcham and Morden |Liberal Democrats |Jenifer Gould|None|||
Mitcham and Morden |Liberal Democrats |Luke Taylor|None|3,717|8.1|+5.0
Old Bexley and Sidcup|Liberal Democrats |Adrian Hyyrylainen-Trett|None|1,927|4.0|
Orpington|Liberal Democrats |Graeme Casey|None|4,728|10.3|
Poplar and Limehouse|Liberal Democrats |Richard Flowers|None|4,189|9.7|
Richmond Park |Liberal Democrats |Sarah Olney|None|||
Richmond Park |Liberal Democrats |Sarah Olney|winning|34,559|53.1|+8.0
Romford|Liberal Democrats |Thomas Clarke|None|1,895|4.3|-1.5
Sutton and Cheam|Liberal Democrats |Luke Taylor |winning|17,576|36.9|+3.5
Tooting |Liberal Democrats |Judith Trounson|None|4,438|8.4|-5.8
Tottenham|Liberal Democrats |Tammy Palmer|None|3,168|6.8|+3.4
Twickenham |Liberal Democrats |Munira Wilson|winning|30,185|56.3|+0.1
Walthamstow|Liberal Democrats |Rebecca Taylor |None|1,736|3.8|-2.1
Wimbledon |Liberal Democrats |Paul Kohler |winning|24,790|45.1|+6.8
Bath|Liberal Democrats |Wera Hobhouse|winning|19,883|41.3|
Filton and Bradley Stoke|Liberal Democrats |Benet Allen|None|10,000|19.9|
North Somerset|Liberal Democrats |Ashley Cartman|None|7,121|13.2|-3.3
Thornbury and Yate|Liberal Democrats |Claire Young|winning|20,815|39.0|+6.4
Frome and East Somerset|Liberal Democrats |Anna Sabine|None|||
Wells and Mendip Hills|Liberal Democrats |Tessa Munt|None|23,622|46.9|+16.1
Weston|Liberal Democrats |Patrick Keating|None|||
North Cornwall|Liberal Democrats |Ben Maguire|None|24,904|47.8|+17.9
South East Cornwall|Liberal Democrats |Colin Martin|None|8,284|16.8|
St Austell and Newquay|Liberal Democrats |Joanna Kenny|None|4,805|10.3|
St Austell and Newquay|Liberal Party |Jay Latham|None|490|1.0|
St Ives|Liberal Democrats |Andrew George |winning|25,033|52.0|
St Ives|Liberal Party |Paul Nicholson|None|187|0.4|
Truro and Falmouth|Liberal Democrats |Ruth Gripper|None|6,552|13.0|
Truro and Falmouth|Liberal Party |Peter White|None|8,151|16.2|
Exeter|Liberal Democrats |Will Aczel|None|4,201||
Exmouth and Exeter East|Liberal Democrats |Paul Arnott|None|11,387|22.2|
Honiton and Sidmouth|Liberal Democrats |Richard Foord|winning|23,007|45.4|
Torridge and Tavistock|Liberal Democrats |Phil Hutty|None|12,099|23.8|+5.9
Tiverton and Minehead|Liberal Democrats |Rachel Gilmour|winning|18,326|38.6|
Plymouth Moor View|Liberal Democrats |Sarah Martin|None|1,766|4.1|
Plymouth Sutton and Devonport|Liberal Democrats |Holly Greenberry-Pullen|None|2,441|5.8|
South Devon|Liberal Democrats |Caroline Voaden|None|7,127|10.7|-43.0
Newton Abbot|Liberal Democrats |Martin Wrigley|None|15,201|31.7|+9.5
North Devon|Liberal Democrats |Ian Roome|None|21,820|42.4|+12.4
South West Devon|Liberal Democrats |Julian Brazil|None|5,551|10.6|
Torbay|Liberal Democrats |Steve Darling|winning|18,937|41.1|+16.9
Christchurch|Liberal Democrats |Mike Cox|None|9,486|20.0|+2.6
Poole|Liberal Democrats |Oliver Walters|None|5,507|12.4|
Bournemouth East|Liberal Democrats |Jon Nicholas|None|3,082|6.9|-4.1
Bournemouth West|Liberal Democrats |Jeff Hanna|None|4311|10.9|+0.8
Mid Dorset and North Poole|Liberal Democrats |Vikki Slade|winning|21,442|43.3|+13.4
South Dorset|Liberal Democrats |Matt Bell|None|8,017|16.3|+5.7
West Dorset|Liberal Democrats |Edward Morello|winning|26,999|50.7|+18.7
Cheltenham|Liberal Democrats |Max Wilkinson|winning|25,076|50.6|
Forest of Dean|Liberal Democrats |James Joyce|None|2,604|5.4|
Gloucester|Liberal Democrats |Rebecca Jane Trimnell|None|4,759|10.4|
Tewkesbury|Liberal Democrats |Cameron Thomas |winning|20,730|42.7|
South Cotswolds|Liberal Democrats |Roz Savage|winning|22,961|43.9|
North Cotswolds|Liberal Democrats |Paul Hodgkinson|None|14069|28.0|+10.0
Bridgwater|Liberal Democrats |Claire Sully|None|5,781|14.40|
Yeovil|Liberal Democrats |Adam Dance|None|23,765|48.5|+17.4
Glastonbury and Somerton|Liberal Democrats |Sarah Dyke|None|||
Taunton and Wellington|Liberal Democrats |Gideon Amos|winning|24,331|48.4|+12.1
Melksham and Devizes|Liberal Democrats |Brian Mathew |None|20,031|39.1|+11.9
East Wiltshire|Liberal Democrats |David Kinnaird|None|||
South West Wiltshire|Liberal Democrats |Bret Palmer|None|7,205||
Swindon North|Liberal Democrats |Flo Clucas|None|2,086|4.7|
Swindon South|Liberal Democrats |Matt McCabe|None|1,843|4.1|
Chippenham|Liberal Democrats |Sarah Gibson |winning|22,552|45.5|
Salisbury|Liberal Democrats |Victoria Charleston|None|11,825|23.6|+4.1
Bristol Central|Liberal Democrats |Nicholas Coombes|None|1,162|2.7|
Bristol East|Liberal Democrats |Tony Sutcliffe|None|2,713|5.9|-1.0
Bristol North East|Liberal Democrats |Louise Harris |None|1,964|4.7|-0.4
Bristol North West|Liberal Democrats |Caroline Gooch|None|4,159|8.6|+0.5
Bristol South|Liberal Democrats |Andrew Brown|None|2,721|6.3|+0.1
