The Wrekin|Reform UK|Richard Leppington|None|9,920|19.8|+19.8
North Shropshire|Reform UK|Mark Whittle|None|7,687|15.5|+15.5
Shrewsbury|Reform UK|Victor Applegate|None|7,524|14.5|0
South Shropshire|Reform UK|Charles Shackerley-Bennett|None|||0
Telford|Reform UK|Alan Adams|None|10,110|24.8|
Kingswinford and South Staffordshire|Reform UK|Gary Dale|None|||0
Burton and Uttoxeter|Reform UK|James Bush|None|9,611|21.1|+21.1
Cannock Chase|Reform UK|Paul Allen|None|||
Lichfield|Reform UK|Richard Howard|None|9,734|19.8|
Newcastle|Reform UK|Neill Walker|None|8,865|22.4|+18.3
Stafford|Reform UK|Michael Riley|None|8,612|18.7|+18.7
Staffordshire Moorlands|Reform UK|Dave Poole|None|||
Stoke|Reform UK|Luke Shenton|None|8,541|24.2|
Stoke|Reform UK|Karl Beresford|None|8,824|24.4|+18.8
Stoke|Reform UK|Michael Bailey|None|||
Tamworth|Reform UK|Ian Cooper|None|||
Rugby|Reform UK|Devenne Kedward|None|8,225|16.8|+16.8
Kenilworth and Southam|Reform UK|Jacqui Harris|None|||0
Nuneaton|Reform UK|Rob Howard|None|9,059|22.0|
Stratford|Reform UK|James Crocker|None|7,753|14.6|
Warwick and Leamington|Reform UK|Nigel Clarke|None|5,154|10.5|+9.1
North Warwickshire and Bedworth|Reform UK|Paul Hopkins|None|||0
Meriden and Solihull East|Reform UK|Malcolm Sedgley|None|8,753||0
Solihull West and Shirley|Reform UK|Mary McKenna|None|7,149|15.3|+15.3
Aldridge|Reform UK|Graham Eardley|None|9,903|24.2|
Coventry East |Reform UK|Iddrisu Sufyan|None|||
Dudley|Reform UK|Andrew Southall|None|9,442||0
Halesowen|Reform UK|Jonathan Oakton|None|||0
Smethwick|Reform UK|Pete Durnell|None|||
Stourbridge|Reform UK|Richard Shaw|None|||
Wolverhampton North East|Reform UK|Paul Williams|None|||
Wolverhampton South East|Reform UK|Carl Hardwick|None|||
Bromsgrove|Reform UK|Glen Brampton|None|||
Droitwich and Evesham|Reform UK|Sam Bastow|None|||0
Redditch|Reform UK|Julie Allison|None|8,516|20.1|+20.1
West Worcestershire|Reform UK|Christopher Edmondson|None|||
Worcester|Reform UK|Andy Peplow|None|6,723|14.6|
Wyre Forest|Reform UK|Bill Hopkins|None|||
Wolverhampton West|Reform UK|Donald Brookes|None|||
Coventry North West|Reform UK|Holly-Mae Nelson|None|||
Coventry South|Reform UK|Chris Baddon|None|5711|13.4|+10.5
Birmingham Hodge Hill and Solihull North|Reform UK|Jamie Pullin|None|||
Birmingham Hall Green and Moseley|Reform UK|Stephen McBrine|None|||
Birmingham Edgbaston|Reform UK|Joshua Matthews|None|||
Birmingham Erdington|Reform UK|Jack Brookes|None|||
Birmingham Ladywood|Reform UK|Irene Yoong-Henery|None|3,421|9.35|-40.5
Birmingham Northfield|Reform UK|Stephen Peters|None|7,895|21.0|+17.2
Birmingham Perry Barr|Reform UK|Akshay Khuttan|None|2,446|6.5|
Birmingham Selly Oak|Reform UK|Erin Crawford|None|5,732|14.9|
Birmingham Yardley|Reform UK|Nora Kamberi|None|5,061|14.0|
Sutton Coldfield|Reform UK|Mark Hoath|None|8,213|17.0|+17.0
North East Hertfordshire|Reform UK|Steven Adelantado|None|8,462|16.1|+16.1
South West Hertfordshire|Reform UK|Keith Steers|None|6,790|14.1|
St Albans|Reform UK|John Dowdle|None|4,336|8.4|+8.4
Hertford and Stortford|Reform UK|John Burmicz|None|8,325|15.4|
Hertsmere|Reform UK|Darren Selkus|None|6,584|13.7|+13.7
Broxbourne|Reform UK|Tom Holdsworth|None|2,858|6.6|-35.8
Watford|Reform UK|Gary Ling|None|4,930|11.1|+11.1
Hemel Hempstead|Reform UK|Noel Willcox|None|7,689|17.4|+17.4
Stevenage|Reform UK|Peter Hopper|None|7,667|17.9|+17.9
Harpenden and Berkhamsted|Reform UK|Saba Poursaeedi|None|4,245|7.8|+7.8
Welwyn Hatfield|Reform UK|Jack Aaron|None|6,397|13.2|
Hitchin|Reform UK|Charles Bunker|None|||
South Derbyshire|Reform UK|Job West|None|||
Amber Valley|Reform UK|Alex Stevenson|None|12,192|28.7|
Bolsover |Reform UK|Robert Reaney|None|9,131|21.5|
High Peak|Reform UK|Catherine Cullen|None|||
Mid Derbyshire|Reform UK|Stephen Dean|None|8,356|17.6|+17.6
North East Derbyshire |Reform UK |Andy Egginton|None|7,899|17.2|+16.7
Chesterfield |Reform UK|Dan Price|None|7,897|19.0|+8.4
Derby North |Reform UK|Tim Prosser |None|||
Derby South|Reform UK|Alan Graves|None|8,501|22.7|+16.9
North West Leicestershire|Reform UK|Noel Matthews|None|9,678|19.9|
Hinckley and Bosworth|Reform UK|Peter Cheshire|None|||
Harborough|Reform UK|Danuta Jeeves|None|6332|13|
Leicester East|Reform UK|Raj Solanki|None|2,611|5.6|+3.1
Leicester West|Reform UK|Ian Hayes|None|5,666|16.0|+11.5
Loughborough|Reform UK|Andy McWilliam|None|||
Leicester South|Reform UK|Craig Harwood|None|2,470|5.9|+3.6
Melton and Syston|Reform UK|Peter Morris|None|8,945|19.5|+19.5
Mid Leicestershire|Reform UK|Tom Smith|None|||
Rutland and Stamford |Reform UK|Chris Clowes|None|7,008|14.4|+14.4
South Holland and the Deepings|Reform UK|Matthew Swainson|None|10,606|23.1|
Louth and Horncastle|Reform UK|Sean Matthews|None|11,935|25.7|
Sleaford and North Hykeham |Reform UK|Ben Jackson|None|10,484|21.6|+21.6
Lincoln|Reform UK|Jamie-Lee McMillan|None|7602|18.0|+15.9
Grantham and Bourne|Reform UK|Mike Rudkin|None|9,393|20.4|+20.4
Kettering |Reform UK|Crispian George Besley|None|8468|16.9|+16.9
Northampton North|Reform UK|Antony Antoniou|None|7,010|16.8|+16.8
Northampton South|Reform UK|Anthony Owens|None|8,210|18.7|+18.7
South Northamptonshire|Reform UK|Paul Hogan |None|8,962|16.7|+16.7
Daventry|Reform UK|Scott Cameron|None|10,636|20.0|+20.0
Corby and East Northamptonshire |Reform UK|Edward McDonald |None|8,760|17.7|
Wellingborough and Rushden |Reform UK|Ben Habib|None|9,456|21.5|-
Nottingham East|Reform UK|Debbie Stephens|None|||
Newark|Reform UK|Robert Palmer|None|||
Bassetlaw|Reform UK|Frank Ward|None|9,751|21.7|
Broxtowe |Reform UK|Joseph Oakley |None|||
Gedling|Reform UK|Simon Christy|None|||
Mansfield|Reform UK|Matthew Warnes|None|||
Nottingham South|Reform UK|Mykel Hedge|None|||
Ashfield|Reform UK|Lee Anderson |winning|17,062|42.8|+37.8
Rushcliffe |Reform UK|James Grice|None|6,353|11.0|+11.0
Nottingham North and Kimberley|Reform UK|Golam Kadiri |None|7,053|20.1|+14.5
Sherwood Forest|Reform UK|Helen O'Hare|None|||
Redcar|Reform UK|John Davies|None|7,216|18.9|+12.4
Middlesbrough and Thornaby East|Reform UK|Patrick Seargeant|None|7,046|20.5|+14.3
Stockton West|Reform UK|Stephen Matthews|None|6,833|14.0|+9.3
Stockton North|Reform UK|John McDermottroe|None|9,189|24.6|+15.6
Hartlepool|Reform UK|Amanda Napper|None|8,716|24.5|-1.3
Blaydon and Consett|Reform UK|David Ayre|None|10,007|23.7|+14.0
City of Durham |Reform UK|Mark Belch|winning|7,374|18.2|+11.6
Darlington|Reform UK|Michael Walker|None|6,852|16.2|+12.6
North Durham|Reform UK|Andrew Husband|None|10,689|25.7|+15.0
Cramlington and Killingworth|Reform UK|Gordon Fletcher|None|9,454|20.8|+12.8
North Northumberland|Reform UK|Katherine Hales|None|7,688|15.7|
Sunderland Central|Reform UK|Chris Eynon|None|10,779|27.0|+15.4
Houghton and Sunderland South|Reform UK|Sam Woods-Brass|None|11,668|29.1|+13.6
Gateshead Central and Whickham|Reform UK|Damian Heslop|None|8,601|21.4|+17.5
Jarrow and Gateshead East|Reform UK|Lynda Alexandra|None|||
Washington and Gateshead South|Reform UK|Paul Donaghy|None|10,769|29.1|+15.3
Newcastle upon Tyne Central and West |Reform UK|Ashton Muncaster|None|7,815|18.9|+10.7
Newcastle upon Tyne East and Wallsend |Reform UK|Janice Richardson|None|8,383|19.8|
Newcastle upon Tyne North |Reform UK|Deborah Lorraine|None|5,933|12.2|
South Shields|Reform UK|Steve Holt|None|8,469|23.0|+8.3
Tynemouth|Reform UK|Rosalyn Elliot|None|||
Bangor Aberconwy|Reform UK|John Clark|None|6,091|14.6|13.7
Clwyd East|Reform UK|Kirsty Walmsley|None|7,626|15.9|
Clwyd North|Reform UK|Jamie Orange|None|||
Alyn and Deeside|Reform UK|Vicki Roskams|None|9,601|22.1|
Dwyfor Meirionnydd|Reform UK|Lucy Murphy|None|4,857|12|
Wrexham|Reform UK|Charles Dodman|None|6,915|17.1|+13.3
Gower|Reform UK|Catrin Thomas|None|||
Aberafan Maesteg|Reform UK|Mark Griffiths|None|7,484|20.9|+12.4
Merthyr Tydfil and Aberdare|Reform UK|Gareth Thomas|None|||
Mid and South Pembrokeshire|Reform UK|Stuart Marchant|None|7,828|16.8|+16.8
Cardiff East|Reform UK|Lee Canning|None|4,980|12.7|+9.2
Monmouthshire|Reform UK|Max Windsor-Peplow|None|||
Bridgend|Reform UK|Caroline Jones |None|7,921|19.1|
Caerphilly|Reform UK|Joshua Seungkyun Kim|None|7,754|20.3|
Cardiff North|Reform UK|Lawrence Douglas Gwynn|None|5,985|12.6|
Cardiff South and Penarth|Reform UK|Simon Llewellyn|None|4,493|11.5|+8.7
 Cardiff West|Reform UK|Peter Hopkins|None|5,626|12.6|+8.9
Llanelli|Reform UK|Gareth Beer|None|11,247|27.6|+18.7
Newport East|Reform UK|Tommy Short|None|7,361|19.1|+13
Swansea West|Reform UK|Patrick Benham-Crosswell|None|6,246|17.5|+10.7
Torfaen|Reform UK|Ian Williams|None|7,322|20.5|+10.5
Vale of Glamorgan|Reform UK|Toby Rhodes-Matthews|None|6,973|15.2|+15.2
North East Hertfordshire|Reform UK|Steven Adelantado|None|8,462|16.1|+16.1
South West Hertfordshire|Reform UK|Keith Steers|None|6,790|14.1|
St Albans|Reform UK|John Dowdle|None|4,336|8.4|+8.4
Hertford and Stortford|Reform UK|John Burmicz|None|8,325|15.4|
Hertsmere|Reform UK|Darren Selkus|None|6,584|13.7|+13.7
Broxbourne|Reform UK|Tom Holdsworth|None|2,858|6.6|-35.8
Watford|Reform UK|Gary Ling|None|4,930|11.1|
Hemel Hempstead|Reform UK|Noel Willcox|None|7,689|17.4|+17.4
Stevenage|Reform UK|Peter Hopper|None|7,667|17.9|+17.9
Harpenden and Berkhamsted|Reform UK|Saba Poursaeedi|None|4,245|7.8|+7.8
Welwyn Hatfield|Reform UK|Jack Aaron|None|6,397|13.2|
Hitchin|Reform UK|Charles Bunker|None|||
Bedford|Reform UK|Matt Lansley|None|4,548|11.2|+9.5
Luton South and South Bedfordshire|Reform UK|Norman Maclean|None|4,759|12.4|
North Bedfordshire|Reform UK|Pippa Clayton|None|||
North East Cambridgeshire|Reform UK|Chris Thornhill|None|7,189|0|0
North West Cambridgeshire|Reform UK|James Sidlow|None|8,741|19.68|+19.68
South Cambridgeshire|Reform UK|Harrison Edwards|None|4,897|8.9|+8.8
Huntingdon|Reform UK|Sarah Smith|None|8,039|15.4|
Peterborough|Reform UK|Sue Morris|None|5,379|12.8|+8.3
Ely and East Cambridgeshire|Reform UK|Ryan Coogan|None|6,443|12.3|+12.3
St Neots and Mid Cambridgeshire|Reform UK|Guy Lachlan|None|5,673|10.7|+10.7
Brentwood and Ongar|Reform UK|Paul Godfrey|None|11,751|24.3|
Braintree|Reform UK|Richard Thomson|None|11,346|23.1|
Harlow|Reform UK|Malcolm Featherstone|None|9,461|21.8|+21.8
Southend West and Leigh|Reform UK|Peter Little|None|8,273|17.6|
Thurrock |Reform UK|Sophie Preston-Hall|None|9,576|25.5|
Basildon and Billericay|Reform UK|Stephen Conlay|None|11,354|26.3|
Harwich and North Essex|Reform UK|Mark Cole|None|9,806|20.4|+20.4
South Basildon and East Thurrock|Reform UK|James McMurdock|winning|12,178|30.8|
Maldon|Reform UK|Pamela Walford|None|12,468|25.0|+25.0
Witham|Reform UK|Timothy Blaxill|None|9,870|19.5|+19.5
Castle Point|Reform UK|Keiron McGill|None|12,234|30.1|+30.1
Chelmsford|Reform UK|Darren Ingrouille|None|6,754|13.3|
Clacton|Reform UK|Nigel Farage|winning|21,225|46.2|
Colchester|Reform UK|Terence Longstaff|None|6,664|14.8|
North West Essex|Reform UK |Grant StClair-Armstrong|None|7,668|14.1|+14.1
South West Norfolk|Reform UK|Toby McKenzie |None|9,958|22.4|
South Norfolk|Reform UK|Chris Harrison|None|7,583|15.3|+15.3
North West Norfolk |Reform UK|Phil Walton|None|8,697|19.5|
Norwich South |Reform UK|Graham Burton|None|||
Great Yarmouth|Reform UK|Rupert Lowe|winning|14,385|35.3|
Norwich North|Reform UK|Nick Taylor|None|10,850|23.7|
Broadland and Fakenham|Reform UK|Eric Masters|None|||
Mid Norfolk|Reform UK|Kabeer Kher|None|9,427|20.5|+20.5
North Norfolk|Reform UK|Jason Patchett|None|6,368|13.5|+10.1
Waveney Valley|Reform UK|Scott Huggins|None|7,749|15.8|15.8
South Suffolk|Reform UK|Bev England|None|3047|6.24|
Suffolk Coastal|Reform UK|Matthew Jackson|None|7,850|15.9|+15.9
Ipswich|Reform UK|Tony Love|None|7,027|15.9|
Bury St Edmunds and Stowmarket|Reform UK|Scott Hussey|None|8,595|16.9|
West Suffolk|Reform UK|David Bull |None|9,623|20.8|+20.8
Barrow and Furness|Reform UK |Barry Morgan|None|7,035|16.7|
Birkenhead|Reform UK|Tony Stanley|None|||
Blackburn|Reform UK|Tommy Temperley|None|4,844|12.5|6.6
Blackpool South|Reform UK|Mark Butcher|None|10,068||
Bootle|Reform UK|Darren Burns|None|||
West Lancashire|Reform UK|Simon Evans|None|7909|17.9|+13.6
Liverpool Riverside |Reform UK|Gary Hincks|None|||
Liverpool Wavertree|Reform UK|Adam Heatherington|None|||
Liverpool West Derby|Reform UK|Jack Boyd|None|4,879|12.8|+7.9
Morecambe and Lunesdale|Reform UK |Barry Parsons|None|||
Preston|Reform UK|James Elliot|None|5,738|14.3|
South Ribble|Reform UK|Andy Hunter|None|8,995|19.3|
Ribble Valley|Reform UK|John Carroll|None|8,524|16.4|
St Helens North|Reform UK|Malcolm Webster|None|||
Sefton Central |Reform UK|Nagender Chindam|None|||
Southport|Reform UK|Andrew Lynn|None|7,395|16.4|
St Helens South and Whiston|Reform UK|Raymond Peters|None|||
Wallasey |Reform UK|David Burgess-Joyce|None|6,678|15.6|+11.5
Westmorland and Lonsdale|Reform UK|James Townley|None|4,842|9.8|+8.7
Wirral West|Reform UK|Ken Ferguson|None|6,422|13|
Carlisle|Reform UK|Stephen Ward|None|9,295|20.5|+20.5
Burnley|Reform UK|Nathan McCollum|None|||
Knowsley|Reform UK|Alexander Hitchmough|None|5,924|16.4|+10.1
Bolton West|Reform UK|Dylan Evans|None|8,517||
Bolton North East|Reform UK|Trevor Jones|None|9,428|21.7|+15.2
Manchester Withington|Reform UK|Kaine Williams|None|1,961|4.7|
Whitehaven |Reform UK|David Surtees|None|8,887|21.2|-
Penrith and Solway|Reform UK|Matthew Moody|None|7,624|15.5|+13.7
Chester South and Eddisbury|Reform UK|Peter Langley|None|6,414|12.2|+11.2
Chester North and Neston|Reform UK|Nicholas Goulding|None|||
Ellesmere Port and Bromborough|Reform UK|Michael Aldred|None|7,278|17.3|+13.0
Bolton South and Walkden|Reform UK|Julie Pattison|None|8,350|22.6|+17.2
Worsley and Eccles|Reform UK|Craig Birtwistle|None|||
Pendle and Clitheroe|Reform UK|Victoria Fletcher|None|8,171|17.5|
Manchester Central |Reform UK|David Brown|None|4,760|12.0|
Falkirk|Reform UK|Keith Barrow|None|3,375|7.9|+7.5
Glasgow East|Reform UK|Donnie McLeod|None|2,371|6.7|
Glasgow North|Reform UK|Helen Burns|None|1,655|4.8|+4.2
 Glasgow North East|Reform UK|Jonathan Walmsley|None|2,272|6.7|
Glasgow South|Reform UK|Danny Raja|None|1,736|4.1|+3.2
Kilmarnock and Loudoun|Reform UK|William Thomson|None|3,472|8.2|
West Aberdeenshire and Kincardine|Reform UK|Brandon Innes|None|3,497|7.1|7.1
North Ayrshire and Arran|Reform UK|Michael Mann|None|3,415|8.1|
 Paisley and Renfrewshire South |Reform UK|Jim McIlroy|None|2,956|7.2|
Paisley and Renfrewshire North|Reform UK|Andrew Scott|None|3,228|7.8|+7.5
Livingston|Reform UK|David McLennan|None|3,977|8.9|+8.9
 Glasgow South West|Reform UK|Morag McRae|None|2,236|6.3|+4.7
Edinburgh South|Reform UK|Cameron Rose|None|1,845|3.9|
Inverness|Reform UK|Dillan Hill|None|||
Angus and Perthshire Glens|Reform UK|Kenneth Morton|None|3,246|6.9|
Argyll|Reform UK|Melanie Hurst|None|3,045|6.8|
West Dunbartonshire|Reform UK|David Smith|None|2,770|7.0|
North East Fife|Reform UK|Matthew Wren|None|2,094|4.9|+4.5
Aberdeenshire North and Moray East|Reform UK|Jo Hart|None|5,562|14.6|
Alloa and Grangemouth|Reform UK|Richard Fairley|None|3,804|9.2|+8.8
Arbroath and Broughty Ferry|Reform UK|Gwen Wood|None|3,800|8.6|+8.6
Bathgate and Linlithgow|Reform UK|Jamie McNamee|None|3,524|8.4|
Dundee Central|Reform UK|Vicky McCann|None|2,363|6.1|
Dunfermline and Dollar|Reform UK|Udo van den Brock|None|2,887|6.5|+6.5
East Kilbride and Strathaven|Reform UK|David Mills|None|3,377|7.2|
Gordon and Buchan|Reform UK|Kris Callander|None|166||
Inverclyde and Renfrewshire West  |Reform UK|Simon Moorehead |None|2,476|6.1|+6.1
Mid Dunbartonshire |Reform UK|David McNabb|None|2,099|4.0|
Moray West|Reform UK|Steve Skerret|None|||
Perth and Kinross|Reform UK|Helen McDade|None|2,970|5.9|+5.2
Rutherglen|Reform UK|David Stark|None|2,685|6.3|
Stirling and Strathallan|Reform UK|Bill McDonald|None|3,145|6.3|
Airdrie and Shotts|Reform UK|David Hall|None|2,971|8.1|
Central Ayrshire|Reform UK|Kevin Blades|None|||
East Renfrewshire|Reform UK|Matt Alexander|None|2,360|4.7|
York Central |Reform UK |Cliff Bond|None|4,721|10.9|
Calder Valley |Reform UK|Donald Walmsley|None|7,644|15.4|
Rawmarsh and Conisbrough|Reform UK|Adam Wood|None|||
Barnsley North |Reform UK|Robert Lomas|None|10,799|29.3|-0.2
Wetherby and Easingwold|Reform UK|Mike  Jordan|None|||
Normanton and Hemsworth |Reform UK|Callum Bushrod|None|||
Bridlington and The Wolds|Reform UK|Maria Bowtell|None|10,350|24.1|
Great Grimsby and Cleethorpes |Reform UK|Oliver Freeston|None|10,533|28.8|+23.9
Kingston upon Hull North |Reform UK|Martin Baker|None|7,801|20.4|+9.6
Kingston upon Hull West and Haltemprice|Reform UK|Julie Peck|None|||
Leeds Central and Headingley|Reform UK|Reggie Harry Wray|None|||
Leeds West and Pudsey  |Reform UK|Andrea Whitehead|None|6,281|16.3|
Keighley and Ilkley  |Reform UK|Andrew Mark Judson |None|4,782|10.4|+8.8
Bradford East |Reform UK |Jacob Pereira Anstey |None|4,952|13.3|+7.1
Bradford South |Reform UK |Ian Eglin |None|7,441|22.5|+15.5
Colne Valley |Reform UK|Stuart Hale|None|||
Dewsbury and Batley|Reform UK|Jonathan Thackray|None|6,152|16.2|
Doncaster Central|Reform UK|Surjit Duhre|None|||
Goole and Pocklington |Reform UK|Rich Kelly|None|9,054|18.2|+18.2
Halifax  |Reform UK|James Griffith-Jones|None|7,811|19.4|+13.5
Huddersfield|Reform UK|Susan Laird|None|||
Leeds East|Reform UK|David Dresser|None|||
Leeds North East|Reform UK|Kieran White|None|3,426|7.6|+4.1
Leeds North West |Reform UK |Jayne Louise Bond |None|||
Leeds South West and Morley |Reform UK|James Kendall|None|8,187|20.4|+18.6
Ossett and Denby Dale |Reform UK|Sandra Senior |None|||
Penistone and Stocksbridge|Reform UK|Edward Dillingham|None|9,456|21.5|
Pontefract|Reform UK|John Thomas |None|10,459|29.1|
Richmond and Northallerton|Reform UK|Lee Taylor|None|7,142|14.7|
Rother Valley|Reform UK|Tony Harrison|None|||
Rotherham|Reform UK|John Cronly|None|||
Scunthorpe|Reform UK|Darren Haley|None|8,163|20.9|+16.6
Shipley |Reform UK|Simon Dandy|None|7,238|15.0|
Spen Valley|Reform UK|Sarah Wood|None|9888|24.1|+20.7
Wakefield and Rothwell|Reform UK|David Dews|None|||
Ruislip|Reform UK|Ian Price|None|4,671|9.9|
Uxbridge and South Ruislip|Reform UK|Tim Wheeler|None|6,610|14.4|
Kingston and Surbiton|Reform UK|Mark Fox|None|4,787|9.4|
Harrow West |Reform UK|Michael Beavis|None|2,639|5.8|
Islington North|Reform UK|Martyn Nelson|None|1,710|3.5|+2.1
Vauxhall and Camberwell Green|Reform UK |Mike King |None|2,033|5.4|
Ealing Southall |Reform UK|Steve Chilcott|None|||
Streatham and Croydon North |Reform UK|Philip Watson|None|||
Beckenham and Penge|Reform UK|Edward Apostolides|None|||
Bethnal Green and Stepney|Reform UK|Peter Sceats|None|||
Brent East|Reform UK|Zbigniew Kowalczyk|None|2,024|5.4|
Brent West|Reform UK |Ian Collier|None|3,793|9.2|
Bromley and Biggin Hill|Reform UK|Alan Cook|None|8,203|17.5|+17.5
Clapham and Brixton Hill |Reform UK|Mark Matlock|None|||
Croydon East|Reform UK|Scott Holman|None|5,862|13.4|
Croydon West|Reform UK|Vinayak Malhotra|None|||
Edmonton and Winchmore Hill|Reform UK|Mark Simpson|None|7,428|16.3|+13.7
Hammersmith and Chiswick|Reform UK|Louise Petano-Heathcote|None|||
Hammersmith and Chiswick|Reform UK|Catherine Becker|None|2,940|6.1|0
Hornsey and Friern Barnet|Reform UK|Navdeep Singh|None|1,989|4.1|+3.2
Kensington and Bayswater|Reform UK|Marc Burca |None|||
Lewisham North|Reform UK|Edward Powell|None|||
Lewisham West and East Dulwich|Reform UK|Marian Newton|None|||
Peckham|Reform UK|Linda Purcell|None|||
Queen|Reform UK|Angela Carter-Begbie|None|2,106|5.5|-
Southgate and Wood Green|Reform UK|Lucy O'Sullivan|None|3,147|6.9|+5.9
West Ham and Beckton |Reform UK|Georgie David|None|2,800|7.7|+4.9
Barking|Reform UK|Clive Peacock|None|5,173|14.2|
Battersea|Reform UK|Barry Edwards|None|2,825|6.0|
Bermondsey and Old Southwark|Reform UK|Tony Sharp|None|3,397|9.0|
Bexleyheath and Crayford|Reform UK|Tom Bright|None|9861|22.7|+21.8
Brentford and Isleworth|Reform UK|David Kerr|None|3,940|8.7|+6.6
Carshalton and Wallington|Reform UK|Elizabeth Cooper|None|5,941|12.7|
Chelsea and Fulham|Reform UK|Anthony Goodwin|None|3,144|6.7|+6.4
Chingford and Woodford Green|Reform UK|Paul Luggeri|None|3,653|7.5|
Chipping Barnet|Reform UK|Hamish Haddow|None|3,986||
Cities of London and Westminster|Reform UK|Tarun Ghulati|None|2,752|7.0|+6.8
Croydon South|Reform UK|Bob Bromley|None|4,149|8.4|
Dagenham and Rainham|Reform UK|Kevin Godfrey|None|9,398|24.2|
Dulwich and West Norwood|Reform UK|Gary Stevens|None|1,801|4.0|
Ealing Central and Acton|Reform UK|Felix Orrell|None|||
Ealing North|Reform UK|Leon Harris|None|||
East Ham|Reform UK|Dan Oxley|None|||
Enfield North|Reform UK|Stephen Bird|None|||
Erith and Thamesmead |Reform UK|Michael Pastor|None|||
Feltham and Heston|Reform UK|Prabhdeep Singh|None|||
Finchley and Golders Green|Reform UK|Bepi Pezzulli|None|2,598|5.3|
Greenwich and Woolwich |Reform UK|Abdoul Ndiaye|None|3,305|7.7|
Hackney South and Shoreditch|Reform UK|Anil Bhatti|None|||
Harrow East|Reform UK|Roger Clark|None|2,188|4.6|
Hayes and Harlington|Reform UK|Francoise Thompson|None|4,114|10.7|7.8
Hendon|Reform UK|Joshua Pearl|None|3,038|7.4|
Hornchurch and Upminster|Reform UK|Nicholas Palmer|None|13,317|28.4|
Ilford North|Reform UK|Alex Wilson |None|3,621|7.7|+5.8
Ilford South |Reform UK|Raj Forhad |None|||
Lewisham East|Reform UK|Ruth Handyside|None|3,469|8.5|+5.9
Leyton and Wanstead |Reform UK|David Sandground|None|2,475|5.7|
Mitcham and Morden |Reform UK|Ruth Price|None|||
Old Bexley and Sidcup|Reform UK|Maxine Fothergill|None|10,384|21.8|
Orpington|Reform UK|Mark James|None|8,896|19.3|+19.3
Poplar and Limehouse|Reform UK|Tony Glover|None|3,403|7.9|
Richmond Park |Reform UK|Michael Hearn|None|||
Romford|Reform UK|Philip Hyde|None|9,624|21.8|
Sutton and Cheam|Reform UK|Ryan Powell|None|5,787|12.2|+12.2
Tooting |Reform UK |Andrew Price   |None|2,546|4.8|+4.0
Twickenham |Reform UK|Alexander Starling|None|4,092|7.6|+6.3
Walthamstow|Reform UK|Martin Lonergan|None|1,836|4.0|+2.4
Wimbledon |Reform UK|Ben Cronin|None|3,221|5.9|+5.7
Bath|Reform UK|Teresa Hall|None|3,798|7.9|+6.8
Filton and Bradley Stoke|Reform UK|Stephen Burge|None|6,819|13.5|
North Somerset|Reform UK|Alexander Kokkinoftas|None|5,602|10.4|
Thornbury and Yate|Reform UK|Andrew Banwell|None|7,529|14.1|
Frome and East Somerset|Reform UK|David Swain|None|||
Wells and Mendip Hills|Reform UK|Helen Hims|None|6,611|13.1|+13.1
Weston|Reform UK|Richard Pearse|None|||
North Cornwall|Reform UK|Rowland O'Connor|None|8,444|16.2|+16.2
South East Cornwall|Reform UK|Paul Wadley|None|9,311|18.9|
St Austell and Newquay|Reform UK|Stephen Beal|None|9,212|19.7|
St Ives|Reform UK|Giane Mortimer|None|6,492|13.5|
Truro and Falmouth|Reform UK|Steve Rubidge|None|6,163|12.3|
Exeter|Reform UK|Lee Bunker|None|4,914||
Exmouth and Exeter East|Reform UK|Garry Sutherland|None|7,095|13.8|
Honiton and Sidmouth|Reform UK|Paul Quickenden|None|6,289|12.4|
Torridge and Tavistock|Reform UK|Andrew Jackson|None|9,152|18.0|+18.0
Tiverton and Minehead|Reform UK|Frederick Keen|None|7,787|16.4|
Plymouth Moor View|Reform UK|Shaun Hooper|None|9,670|22.6|
Plymouth Sutton and Devonport|Reform UK|Peter Gold|None|7,467|17.7|
South Devon|Reform UK|Michael Bagley|None|6,363|13.0|+13.0
Newton Abbot|Reform UK|Christopher Hilditch|None|8,494|17.7|+17.7
North Devon|Reform UK|Nigel James|None|8,137|15.8|+15.8
South West Devon|Reform UK|Stephen Horner|None|9,361|17.9|
Torbay|Reform UK|Gordon Scott|None|8,660|18.8|
Christchurch|Reform UK|Robin Adamson |None|8,961|18.9|
Poole|Reform UK|Andrei Dragotoniu|None|7,429|16.7|
Bournemouth East|Reform UK|Martin Houlden|None|6,268|14.0|+14.0
Bournemouth West|Reform UK|Ben Aston|None|6647|16.9|+16.9
South Dorset|Reform UK|Morgan Young|None|8,168|16.7|
Forest of Dean|Reform UK|Stanley Goodin|None|8,194|17.0|
Gloucester|Reform UK|Christopher Farmer|None|7,307|16.0|
Tewkesbury|Reform UK|Byron Davis|None|6,000|12.4|
South Cotswolds|Reform UK|Desi Latimer|None|5,146|9.8|
North Cotswolds|Reform UK|Jason Preece|None|6502|12.9|+12.6
Bridgwater|Reform UK|William Fagg|None|8,913|22.20|
Yeovil|Reform UK|Laura Bailhache|None|7,677|15.7|+15.7
Glastonbury and Somerton|Reform UK|Tom Carter|None|||
Taunton and Wellington|Reform UK|Charles Hansard|None|8,053|16.0|+16.0
Melksham and Devizes|Reform UK|Malcolm Cupis|None|6,726|13.1|+13.1
East Wiltshire|Reform UK|Stephen Talbot|None|||
South West Wiltshire|Reform UK|Garry Irvin|None|7,840||
Swindon North|Reform UK|Les Willis|None|7,557|17.1|
Swindon South|Reform UK|Catherine Kosidowski|None|6,194|13.8|
Chippenham|Reform UK|Benjamin Ginsburg|None|6,172|12.4|
Salisbury|Reform UK|Julian Malins|None|5,235|10.4|+10.4
Bristol Central|Reform UK|Robert Clarke|None|1,338|3.1|+1.9
Bristol North East|Reform UK|Anthony New|None|5,418|12.9|+11.4
Bristol North West|Reform UK|Scarlett O'Connor|None|4,863|10.0|
Bristol South|Reform UK|Richard Visick|None|6,195|14.3|+10.0
