"where,Party,Name,Won,2019,votes,percentage,change,,ratio,,,",,,,,,,
"Bury St Edmunds and Stowmarket,Liberal Democrats ,Peter McDonald,None,1.1,3154,6.2,5.1,,563.636363636363%,,0,0",,,,,,,
"North Shropshire,Liberal Democrats ,Helen Morgan ,winning,10.4,26214,52.9,42.5,,508.653846153846%,,70,70",,,,,,,
"Easington,Liberal Democrats ,Tony Ferguson,None,4.5,6542,19.1,14.6,,424.444444444444%,,,",,,,,,,
"Ealing North,Liberal Democrats ,Henrietta Bewley,None,2.4,4370,8.8,6.4,,366.666666666667%,,,",,,,,,,
"Enfield North,Liberal Democrats ,Guy Russo,None,2.1,2950,6.5,4.4,,309.52380952381%,,,",,,,,,,
"Luton North,Liberal Democrats ,Linda Jack,None,1.7,2063,4.8,3.1,,282.352941176471%,,,",,,,,,,
"Mitcham and Morden ,Liberal Democrats ,Luke Taylor,None,3.1,3717,8.1,5,,261.290322580645%,,,",,,,,,,
"Feltham and Heston,Liberal Democrats ,Hina Malik,None,2.6,3127,6.5,3.9,,250%,,,",,,,,,,
"Manchester Central ,Liberal Democrats ,Chris Northwood,None,3.1,3051,7.7,4.6,,248.387096774194%,,,",,,,,,,
"Leicester East,Liberal Democrats ,Zuffar Haq,None,5.6,6329,13.5,7.9,,241.071428571429%,,,",,,,,,,
"Ealing Southall ,Liberal Democrats ,Tariq Mahmood,None,4.2,3933,9.3,5.1,,221.428571428571%,,,",,,,,,,
"Tottenham,Liberal Democrats ,Tammy Palmer,None,3.4,3168,6.8,3.4,,200%,,,",,,,,,,
"Harpenden and Berkhamsted,Liberal Democrats ,Victoria Collins,winning,25.3,27282,50.2,24.9,,198.418972332016%,,,",,,Conservative,Rishi Sunak,23059,47.5,
"Harpenden and Berkhamsted,Liberal Democrats ,Victoria Collins,winning,25.3,27282,50.2,24.9,,198.418972332016%,,,",,,,Labour,Tom Wilson,10874,22.4
"South West Hertfordshire,Liberal Democrats ,Sally Symington,None,12.7,12002,24.9,12.2,,196.062992125984%,,,",,,,Reform UK,Lee Taylor,7142,14.7
"South West Hertfordshire,Liberal Democrats ,Sally Symington,None,12.7,12002,24.9,12.2,,196.062992125984%,,,",,,,Liberal Democrats,Daniel Callaghan,4322,8.9
"Swansea West,Welsh Liberal Democrats,Michael O'Carroll,None,6.4,4367,12.2,5.8,,190.625%,,,",,,,Green,Kevin Foster,2058,4.2
"North West Norfolk ,Liberal Democrats ,Rob Colwell,None,7.7,6492,14.6,6.9,,189.61038961039%,,,",,,,Count Binface Party,Count Binface,308,0.6
"Stratford,Liberal Democrats ,Manuela Perteghella,None,24.3,23450,44.3,20,,182.304526748971%,,,",,,,Independent,Brian Richmond,222,0.5
"Torbay,Liberal Democrats ,Steve Darling,winning,24.2,18937,41.1,16.9,,169.834710743802%,,,",,,,NDL Party,Niko Omilana,160,0.3
"Birmingham Ladywood,Liberal Democrats ,Lee Dargue,None,2.8,1711,4.7,1.9,,167.857142857143%,,,",,,,Yorkshire,Rio Goldhammer,132,0.3
"Aberdeenshire North and Moray East,Liberal Democrats ,Ian Bailey,None,4.4,2782,7.3,2.9,,165.909090909091%,,,",,,,Monster Raving Loony,Sir Archibald Stanton,99,0.2
"Leeds South West and Morley ,Liberal Democrats ,Michael Fox,None,2.8,1798,4.5,1.7,,160.714285714286%,,,",,,,Workers Party,Louise Dickens,90,0.2
"North Cornwall,Liberal Democrats ,Ben Maguire,None,29.9,24904,47.8,17.9,,159.866220735786%,,,",,,,Independent,Angie Campion,33,0.1
"West Dorset,Liberal Democrats ,Edward Morello,winning,32,26999,50.7,18.7,,158.4375%,,,",,,,Independent,Jason Barnett,27,0.1
"Newcastle upon Tyne Central and West ,Liberal Democrats ,Ali Avaei,None,3,1946,4.7,1.7,,156.666666666667%,,,",,,,,,,
"Liverpool West Derby,Liberal Party ,Steve Radford,None,3.9,2336,6.1,2.2,,156.410256410256%,,,",,,,,,1071,
"Yeovil,Liberal Democrats ,Adam Dance,None,31.1,23765,48.5,17.4,,155.948553054662%,,,",,,,,,,
"North Cotswolds,Liberal Democrats ,Paul Hodgkinson,None,18,14069,28,10,,155.555555555556%,,,",,,,,,,
"Westmorland and Lonsdale,Liberal Democrats ,Tim Farron,winning,40.7,31061,62.7,22,,154.054054054054%,,,",,,,,,,
"South Dorset,Liberal Democrats ,Matt Bell,None,10.6,8017,16.3,5.7,,153.77358490566%,,,",,,,,,,
"Chelmsford,Liberal Democrats ,Marie Goldman,winning,26.1,20214,39.9,13.8,,152.873563218391%,,,",,,,,,,
"Wells and Mendip Hills,Liberal Democrats ,Tessa Munt,None,30.8,23622,46.9,16.1,,152.272727272727%,,,",,,,,,,
"Suffolk Coastal,Liberal Democrats ,Julia Ewart,None,9.5,6947,14,4.5,,147.368421052632%,,,",,,,,,,
"Mid Dorset and North Poole,Liberal Democrats ,Vikki Slade,winning,29.9,21442,43.3,13.4,,144.816053511706%,,,",,,,,,,
"Melksham and Devizes,Liberal Democrats ,Brian Mathew ,None,27.2,20031,39.1,11.9,,143.75%,,,",,,,,,,
"Newton Abbot,Liberal Democrats ,Martin Wrigley,None,22.2,15201,31.7,9.5,,142.792792792793%,,,",,,,,,,
"North Devon,Liberal Democrats ,Ian Roome,None,30,21820,42.4,12.4,,141.333333333333%,,,",,,,,,,
"Cardiff East,Liberal Democrats ,Rodney Berman,None,12.3,6736,17.2,4.9,,139.837398373984%,,,",,,,,,,
"North East Fife,Scottish Liberal Democrats,Wendy Chamberlain,winning,39.5,23384,54.7,15.2,,138.481012658228%,,,",,,,,,,
"St Neots and Mid Cambridgeshire,Liberal Democrats ,Ian Sollom,winning,26.8,19517,36.9,10.1,,137.686567164179%,,,",,,,,,,
"North Norfolk,Liberal Democrats ,Steffan Aquarone,winning,30.4,19488,41.4,11,,136.184210526316%,,,",,,,,,,
"Knowsley,Liberal Democrats ,Kate Tipton,None,2.5,1232,3.4,0.9,,136%,,,",,,,,,,
"Taunton and Wellington,Liberal Democrats ,Gideon Amos,winning,36.3,24331,48.4,12.1,,133.333333333333%,,,",,,,,,,
"Torridge and Tavistock,Liberal Democrats ,Phil Hutty,None,17.9,12099,23.8,5.9,,132.960893854749%,,,",,,,,,,
"Carlisle,Liberal Democrats ,Brian Wernham,None,5,2982,6.5,1.5,,130%,,,",,,,,,,
"Sunderland Central,Liberal Democrats ,Niall Hodson,None,7,3602,9,2,,128.571428571429%,,,",,,,,,,
"Lincoln,Liberal Democrats ,Clare Smalley,None,4.8,2580,6.1,1.3,,127.083333333333%,,,",,,,,,,
"Halifax  ,Liberal Democrats ,Samuel Jackson,None,4.8,2359,5.9,1.1,,122.916666666667%,,,",,,,,,,
"Salisbury,Liberal Democrats ,Victoria Charleston,None,19.5,11825,23.6,4.1,,121.025641025641%,,,",,,,,,,
"Worcester,Liberal Democrats ,Mel Allcott,None,7.2,3986,8.7,1.5,,120.833333333333%,,,",,,,,,,
"Ribble Valley,Liberal Democrats ,John Potter,None,8,5001,9.6,1.6,,120%,,,",,,,,,,
"Thornbury and Yate,Liberal Democrats ,Claire Young,winning,32.6,20815,39,6.4,,119.631901840491%,,,",,,,,,,
"The Wrekin,Liberal Democrats ,Anthony Lowe,None,8,4757,9.5,1.5,,118.75%,,,",,,,,,,
"Penrith and Solway,Liberal Democrats ,Julia Aglionby,None,8.1,4742,9.6,1.5,,118.518518518519%,,,",,,,,,,
"Epping Forest,Liberal Democrats ,Jon Whitehouse,None,10.7,5268,12.6,1.9,,117.757009345794%,,,",,,,,,,
"Wimbledon ,Liberal Democrats ,Paul Kohler ,winning,38.3,24790,45.1,6.8,,117.754569190601%,,,",,,,,,,
"Richmond Park ,Liberal Democrats ,Sarah Olney,winning,45.1,34559,53.1,8,,117.738359201774%,,,",,,,,,,
"Blaydon and Consett,Liberal Democrats ,Vicky Anderson,None,4.6,2273,5.4,0.8,,117.391304347826%,,,",,,,,,,
"Lincoln,Liberal Party ,Charles Shaw,None,0.6,278,0.7,0.1,,116.666666666667%,,,",,,,,,,
"Middlesbrough and Thornaby East,Liberal Democrats ,Mo Waqas,None,2.6,1037,3,0.4,,115.384615384615%,,,",,,,,,,
"Christchurch,Liberal Democrats ,Mike Cox,None,17.4,9486,20,2.6,,114.942528735632%,,,",,,,,,,
"St Albans,Liberal Democrats ,Daisy Cooper,winning,49.9,29222,56.6,6.7,,113.426853707415%,,,",,,,,,,
"St Albans,Liberal Democrats ,Daisy Cooper,winning,49.9,29222,56.6,6.7,,113.426853707415%,,,",,,,,,,
"Ely and East Cambridgeshire,Liberal Democrats ,Charlotte Cane,winning,29.3,17127,32.7,3.4,,111.60409556314%,,,",,,,,,,
"West Aberdeenshire and Kincardine,Scottish Liberal Democrats,Michael Turvey,None,11.7,6342,13,1.3,,111.111111111111%,,,",,,,,,,
"Mid and South Pembrokeshire,Welsh Liberal Democrats,Alistair Cameron,None,4.6,2372,5.1,0.5,,110.869565217391%,,,",,,,,,,
"Sutton and Cheam,Liberal Democrats ,Luke Taylor ,winning,33.4,17576,36.9,3.5,,110.479041916168%,,,",,,,,,,
"Rayleigh and Wickford,Liberal Democrats ,Stewart Mott,None,7.7,4068,8.5,0.8,,110.38961038961%,,,",,,,,,,
"Wallasey ,Liberal Democrats ,Vicky Downie,None,3.9,1843,4.3,0.4,,110.25641025641%,,,",,,,,,,
"Bournemouth West,Liberal Democrats ,Jeff Hanna,None,10.1,4311,10.9,0.8,,107.920792079208%,,,",,,,,,,
"Solihull West and Shirley,Liberal Democrats ,Ade Adeyemo,None,15.7,7916,16.9,1.2,,107.643312101911%,,,",,,,,,,
"Bristol North West,Liberal Democrats ,Caroline Gooch,None,8.1,4159,8.6,0.5,,106.172839506173%,,,",,,,,,,
"Birmingham Northfield,Liberal Democrats ,Jerry Evans,None,4.6,1791,4.8,0.2,,104.347826086957%,,,",,,,,,,
"South Suffolk,Liberal Democrats ,Tom Bartleet,None,12.7,6424,13.2,0.5,,103.937007874016%,,,",,,,,,,
"West Suffolk,Liberal Democrats ,Henry Batchelor,None,9,4284,9.3,0.3,,103.333333333333%,,,",,,,,,,
"Daventry,Liberal Democrats ,Jonathan Harris,None,12.3,6755,12.7,0.4,,103.252032520325%,,,",,,,,,,
"North East Cambridgeshire,Liberal Democrats ,David Chalmers,None,6.7,2716,6.9,0.2,,102.985074626866%,,,",,,,,,,
"Wrexham,Welsh Liberal Democrats,Timothy John Sly,None,4.3,1777,4.4,0.1,,102.325581395349%,,,",,,,,,,
"Calder Valley ,Liberal Democrats ,Donal O'Hanlon,None,5.1,2587,5.2,0.1,,101.960784313725%,,,",,,,,,,
"Hemel Hempstead,Liberal Democrats ,Sammy Barry-Mears,None,11.4,5096,11.6,0.2,,101.754385964912%,,,",,,,,,,
"Hemel Hempstead,Liberal Democrats ,Sammy Barry-Mears,None,11.4,5096,11.6,0.2,,101.754385964912%,,,",,,,,,,
"Gateshead Central and Whickham,Liberal Democrats ,Ron Beadle,None,12.2,4987,12.4,0.2,,101.639344262295%,,,",,,,,,,
"Bristol South,Liberal Democrats ,Andrew Brown,None,6.2,2721,6.3,0.1,,101.612903225806%,,,",,,,,,,
"Maldon,Liberal Democrats ,Simon Burwood,None,11.7,5882,11.8,0.1,,100.854700854701%,,,",,,,,,,
"Twickenham ,Liberal Democrats ,Munira Wilson,winning,56.2,30185,56.3,0.1,,100.177935943061%,,,",,,,,,,
"Shrewsbury,Liberal Democrats ,Alex Wagner,None,13,6722,13,0,,100%,,,",,,,,,,
"Bedford,Liberal Democrats ,Henry Vann,None,10,4025,9.9,-0.1,,99%,,,",,,,,,,
"Thurrock ,Liberal Democrats ,Michael Bukola,None,3.2,1157,3.1,-0.1,,96.875%,,,",,,,,,,
"Colchester,Liberal Democrats ,Martin Goss,None,14.7,6393,14.2,-0.5,,96.5986394557823%,,,",,,,,,,
"Watford,Liberal Democrats ,Ian Stotesbury,None,17.7,7577,17,-0.7,,96.045197740113%,,,",,,,,,,
"Bridlington and The Wolds,Liberal Democrats ,Jayne Phoenix,None,7.5,3097,7.2,-0.3,,96%,,,",,,,,,,
"Bolton South and Walkden,Liberal Democrats ,Gemma-Jane Bowker,None,3.9,1384,3.7,-0.2,,94.8717948717949%,,,",,,,,,,
"Northampton North,Liberal Democrats ,Chris Leggett,None,5.7,2251,5.4,-0.3,,94.7368421052632%,,,",,,,,,,
"West Lancashire,Liberal Democrats ,Graham Smith,None,4.9,2043,4.6,-0.3,,93.8775510204082%,,,",,,,,,,
"Southgate and Wood Green,Liberal Democrats ,Lauren Fulbright,None,9.2,3925,8.6,-0.6,,93.4782608695652%,,,",,,,,,,
"Gower,Liberal Democrats ,Franck Banza,None,5.9,2593,5.5,-0.4,,93.2203389830508%,,,",,,,,,,
"Stevenage,Liberal Democrats ,Lisa Nash,None,8.7,3467,8.1,-0.6,,93.1034482758621%,,,",,,,,,,
"Stevenage,Liberal Democrats ,Lisa Nash,None,8.7,3467,8.1,-0.6,,93.1034482758621%,,,",,,,,,,
"Newport East,Welsh Liberal Democrats,John Miller,None,5.7,2045,5.3,-0.4,,92.9824561403509%,,,",,,,,,,
"Perth and Kinross,Scottish Liberal Democrats,Amanda Clark,None,8,3681,7.4,-0.6,,92.5%,,,",,,,,,,
"Northampton South,Liberal Democrats ,Jill Hope,None,7.9,3193,7.3,-0.6,,92.4050632911392%,,,",,,,,,,
"Scunthorpe,Liberal Democrats ,Cahal Burke,None,2.6,942,2.4,-0.2,,92.3076923076923%,,,",,,,,,,
"Bristol North East,Liberal Democrats ,Louise Harris ,None,5.1,1964,4.7,-0.4,,92.156862745098%,,,",,,,,,,
"Torfaen,Welsh Liberal Democrats,Brendan Roberts,None,5,1644,4.6,-0.4,,92%,,,",,,,,,,
"Rawmarsh and Conisbrough,Liberal Democrats ,Paul Horton,None,3.7,1137,3.4,-0.3,,91.8918918918919%,,,",,,,,,,
"York Central ,Liberal Democrats ,Alan Page,None,7.8,3051,7,-0.8,,89.7435897435898%,,,",,,,,,,
"Newcastle,Liberal Democrats ,Nigel Jones,None,5.6,1987,5,-0.6,,89.2857142857143%,,,",,,,,,,
"Brentwood and Ongar,Liberal Democrats ,David Kendall,None,13.6,5809,12,-1.6,,88.2352941176471%,,,",,,,,,,
"Coventry South,Liberal Democrats ,Stephen Richmond,None,6.7,2531,5.9,-0.8,,88.0597014925373%,,,",,,,,,,
"Stirling and Strathallan,Scottish Liberal Democrats,Hamish Taylor,None,5.8,2530,5.1,-0.7,,87.9310344827586%,,,",,,,,,,
"Washington and Gateshead South,Liberal Democrats ,Ciaran Morrissey,None,4.9,1602,4.3,-0.6,,87.7551020408163%,,,",,,,,,,
"Goole and Pocklington ,Liberal Democrats ,Dale Richard Needham,None,7.8,3380,6.8,-1,,87.1794871794872%,,,",,,,,,,
"City of Durham ,Liberal Democrats ,Mark Wilkes,None,16.9,5920,14.6,-2.3,,86.3905325443787%,,,",,,,,,,
"Peterborough,Liberal Democrats ,Nick Sandford,None,4.9,1746,4.2,-0.7,,85.7142857142857%,,,",,,,,,,
"Bristol East,Liberal Democrats ,Tony Sutcliffe,None,6.9,2713,5.9,-1,,85.5072463768116%,,,",,,,,,,
"Dunfermline and Dollar,Scottish Liberal Democrats,Lauren Buchanan-Quigley,None,8.4,3181,7.1,-1.3,,84.5238095238095%,,,",,,,,,,
"Bangor Aberconwy,Welsh Liberal Democrats,Rachael Roberts,None,4.4,1524,3.7,-0.7,,84.0909090909091%,,,",,,,,,,
"South Northamptonshire,Liberal Democrats ,Stewart Tolley,None,11.1,4989,9.3,-1.8,,83.7837837837838%,,,",,,,,,,
"Redcar,Liberal Democrats ,Chris Jones,None,4.8,1542,4,-0.8,,83.3333333333333%,,,",,,,,,,
"Rutland and Stamford ,Liberal Democrats ,James Moore,None,15.8,6252,12.9,-2.9,,81.6455696202532%,,,",,,,,,,
" Cardiff West,Welsh Liberal Democrats,Manda Rigby,None,5.3,1921,4.3,-1,,81.1320754716981%,,,",,,,,,,
"Cramlington and Killingworth,Liberal Democrats ,Thom Campion,None,5.2,1898,4.2,-1,,80.7692307692308%,,,",,,,,,,
"Nuneaton,Liberal Democrats ,Joy Salaja,None,4.1,1340,3.3,-0.8,,80.4878048780488%,,,",,,,,,,
"North Somerset,Liberal Democrats ,Ashley Cartman,None,16.5,7121,13.2,-3.3,,80%,,,",,,,,,,
"Redditch,Liberal Democrats ,Andrew Fieldsend-Roxborough,None,6.4,2165,5.1,-1.3,,79.6875%,,,",,,,,,,
"Bolton North East,Liberal Democrats ,Rebecca Forrest,None,4.4,1507,3.5,-0.9,,79.5454545454545%,,,",,,,,,,
"Rugby,Liberal Democrats ,Richard Dickson,None,8.3,3252,6.6,-1.7,,79.5180722891566%,,,",,,,,,,
"Bradford South ,Liberal Democrats  ,Anthony Smith,None,3.7,954,2.9,-0.8,,78.3783783783784%,,,",,,,,,,
"Hayes and Harlington,Liberal Democrats ,Alex Cunliffe,None,4.4,1316,3.4,-1,,77.2727272727273%,,,",,,,,,,
"North East Derbyshire ,Liberal Democrats ,Ross Shipman,None,6.1,2159,4.7,-1.4,,77.0491803278689%,,,",,,,,,,
"Edinburgh South,Scottish Liberal Democrats,Andy Williamson,None,7.7,2746,5.9,-1.8,,76.6233766233766%,,,",,,,,,,
"Stoke,Liberal Democrats ,Lucy Hurds,None,3.3,911,2.5,-0.8,,75.7575757575758%,,,",,,,,,,
"Stockton North,Liberal Democrats ,Jo Barton,None,4,1133,3,-1,,75%,,,",,,,,,,
"Blackburn,Liberal Democrats ,Adam Waller-Slack,None,2.4,689,1.8,-0.6,,75%,,,",,,,,,,
"Ellesmere Port and Bromborough,Liberal Democrats ,Chris Carubia,None,7.4,2328,5.5,-1.9,,74.3243243243243%,,,",,,,,,,
"Romford,Liberal Democrats ,Thomas Clarke,None,5.8,1895,4.3,-1.5,,74.1379310344828%,,,",,,,,,,
"Norwich North,Liberal Democrats ,Chicka Bilikisu Akinwale,None,6.2,2073,4.5,-1.7,,72.5806451612903%,,,",,,,,,,
"Livingston,Scottish Liberal Democrats,Caron Lindsay,None,6.2,2025,4.5,-1.7,,72.5806451612903%,,,",,,,,,,
"Warwick and Leamington,Liberal Democrats ,Louis Adam,None,10.9,3881,7.9,-3,,72.4770642201835%,,,",,,,,,,
"West Ham and Beckton ,Liberal Democrats ,Emily Bigland,None,6.1,1606,4.4,-1.7,,72.1311475409836%,,,",,,,,,,
"Hornchurch and Upminster,Liberal Democrats ,Ian Sanderson,None,7.1,2381,5.1,-2,,71.830985915493%,,,",,,,,,,
"Melton and Syston,Liberal Democrats ,Andy Konieczko,None,7.7,2547,5.5,-2.2,,71.4285714285714%,,,",,,,,,,
"Richmond and Northallerton,Liberal Democrats ,Daniel Callaghan,None,12.5,4322,8.9,-3.6,,71.2%,,,",,,,,,,
"Great Yarmouth,Liberal Democrats ,Fionna Tod,None,3.8,1102,2.7,-1.1,,71.0526315789474%,,,",,,,,,,
"Edmonton and Winchmore Hill,Liberal Democrats ,Ulysse Abbate,None,7.5,2423,5.3,-2.2,,70.6666666666667%,,,",,,,,,,
"Hertsmere,Liberal Democrats ,Emma Matanle,None,10.9,3710,7.7,-3.2,,70.6422018348624%,,,",,,,,,,
"Hertsmere,Liberal Democrats ,Emma Matanle,None,10.9,3710,7.7,-3.2,,70.6422018348624%,,,",,,,,,,
"Aberafan Maesteg,Welsh Liberal Democrats,Justin Griffiths,None,3.7,916,2.6,-1.1,,70.2702702702703%,,,",,,,,,,
"Broxbourne,Liberal Democrats ,Nick Belfitt,None,9,2688,6.3,-2.7,,70%,,,",,,,,,,
"Broxbourne,Liberal Democrats ,Nick Belfitt,None,9,2688,6.3,-2.7,,70%,,,",,,,,,,
"Harwich and North Essex,Liberal Democrats ,Natalie Sommers,None,10.7,3561,7.4,-3.3,,69.1588785046729%,,,",,,,,,,
"South Norfolk,Liberal Democrats ,Christopher Brown,None,17,5746,11.6,-5.4,,68.2352941176471%,,,",,,,,,,
"Witham,Liberal Democrats ,Ashley Thompson,None,10,3439,6.8,-3.2,,68%,,,",,,,,,,
"North West Cambridgeshire,Liberal Democrats ,Bridget Smith,None,10.62,3192,7.19,-3.43,,67.7024482109228%,,,",,,,,,,
"Chester South and Eddisbury,Liberal Democrats ,Rob Herd,None,15.3,5430,10.3,-5,,67.3202614379085%,,,",,,,,,,
"North East Hertfordshire,Liberal Democrats ,Ruth Brown,None,15.5,5463,10.4,-5.1,,67.0967741935484%,,,",,,,,,,
"North East Hertfordshire,Liberal Democrats ,Ruth Brown,None,15.5,5463,10.4,-5.1,,67.0967741935484%,,,",,,,,,,
"Cambridge,Liberal Democrats ,Cheney Payne,None,30.6,8536,20.3,-10.3,,66.3398692810458%,,,",,,,,,,
"Bradford East ,Liberal Democrats ,Robert Michael St John O'Carroll  ,None,7.7,1910,5.1,-2.6,,66.2337662337662%,,,",,,,,,,
"North Northumberland,Liberal Democrats ,Natalie Younes,None,16.1,5169,10.6,-5.5,,65.8385093167702%,,,",,,,,,,
"Greenwich and Woolwich ,Liberal Democrats ,Chris Annous,None,13.7,3865,9,-4.7,,65.6934306569343%,,,",,,,,,,
"Burton and Uttoxeter,Liberal Democrats ,Sarah Murray,None,5.5,1663,3.6,-1.9,,65.4545454545455%,,,",,,,,,,
"Mid Norfolk,Liberal Democrats ,Stuart Howard,None,10.4,3126,6.8,-3.6,,65.3846153846154%,,,",,,,,,,
"Louth and Horncastle,Liberal Democrats ,Ross Pepper,None,7.8,2364,5.1,-2.7,,65.3846153846154%,,,",,,,,,,
"Corby and East Northamptonshire ,Liberal Democrats ,Chris Lofts,None,6.8,2191,4.4,-2.4,,64.7058823529412%,,,",,,,,,,
"Streatham and Croydon North ,Liberal Democrats ,Claire Bonham,None,17.5,5031,11.3,-6.2,,64.5714285714286%,,,",,,,,,,
"Walthamstow,Liberal Democrats ,Rebecca Taylor ,None,5.9,1736,3.8,-2.1,,64.4067796610169%,,,",,,,,,,
"Queen,Liberal Democrats ,Helen Baxter,None,13.9,3417,8.9,-5,,64.0287769784173%,,,",,,,,,,
"Glasgow North,Scottish Liberal Democrats,Daniel O'Malley,None,5.2,1142,3.3,-1.9,,63.4615384615385%,,,",,,,,,,
"Bournemouth East,Liberal Democrats ,Jon Nicholas,None,11,3082,6.9,-4.1,,62.7272727272727%,,,",,,,,,,
" Glasgow South West,Scottish Liberal Democrats,Paul McGarry,None,4.4,958,2.7,-1.7,,61.3636363636364%,,,",,,,,,,
"Telford,Liberal Democrats ,Jo McKenna,None,6.2,1560,3.8,-2.4,,61.2903225806452%,,,",,,,,,,
"Lewisham East,Liberal Democrats ,Callum Littlemore,None,10.1,2471,6.1,-4,,60.3960396039604%,,,",,,,,,,
"Pendle and Clitheroe,Liberal Democrats ,Anna Fryer,None,7.3,2039,4.4,-2.9,,60.2739726027397%,,,",,,,,,,
"Tooting ,Liberal Democrats ,Judith Trounson,None,14.2,4438,8.4,-5.8,,59.1549295774648%,,,",,,,,,,
"Bromley and Biggin Hill,Liberal Democrats ,Julie Ireland,None,16,4352,9.3,-6.7,,58.125%,,,",,,,,,,
"Great Grimsby and Cleethorpes ,Liberal Democrats ,John Craig Lawson,None,4.9,1036,2.8,-2.1,,57.1428571428571%,,,",,,,,,,
"Stockton West,Liberal Democrats ,Nigel Frederick Boddy,None,4.4,1203,2.5,-1.9,,56.8181818181818%,,,",,,,,,,
"North West Essex,Liberal Democrats ,Smita Rajesh,None,19.7,6055,11.1,-8.6,,56.3451776649746%,,,",,,,,,,
"Stafford,Liberal Democrats ,Peter Andras,None,6.4,1676,3.6,-2.8,,56.25%,,,",,,,,,,
"North Ayrshire and Arran,Scottish Liberal Democrats,Gillian Cole-Hamilton,None,4.4,1005,2.4,-2,,54.5454545454545%,,,",,,,,,,
"Hertford and Stortford,Liberal Democrats ,Helen Campbell,None,14.2,4167,7.7,-6.5,,54.2253521126761%,,,",,,,,,,
"Hertford and Stortford,Liberal Democrats ,Helen Campbell,None,14.2,4167,7.7,-6.5,,54.2253521126761%,,,",,,,,,,
"Alloa and Grangemouth,Scottish Liberal Democrats,Adrian May,None,5.3,1151,2.8,-2.5,,52.8301886792453%,,,",,,,,,,
"Harlow,Liberal Democrats ,Riad Mannan,None,5.9,1350,3.1,-2.8,,52.5423728813559%,,,",,,,,,,
"Brentford and Isleworth,Liberal Democrats ,Kuldev Sehra,None,16.3,3863,8.5,-7.8,,52.1472392638037%,,,",,,,,,,
"Mid Derbyshire,Liberal Democrats ,Barry Holliday,None,9.6,2361,5,-4.6,,52.0833333333333%,,,",,,,,,,
"Glasgow South,Scottish Liberal Democrats,Peter McLaughlin,None,6,1316,3.1,-2.9,,51.6666666666667%,,,",,,,,,,
" Paisley and Renfrewshire South ,Scottish Liberal Democrats,Jack Clark,None,6.2,1315,3.2,-3,,51.6129032258065%,,,",,,,,,,
"Welwyn Hatfield,Liberal Democrats ,John Munro,None,12.7,3117,6.4,-6.3,,50.3937007874016%,,,",,,,,,,
"Welwyn Hatfield,Liberal Democrats ,John Munro,None,12.7,3117,6.4,-6.3,,50.3937007874016%,,,",,,,,,,
"North West Leicestershire,Liberal Democrats ,Alice Delemare,None,6.8,1629,3.4,-3.4,,50%,,,",,,,,,,
"West Dunbartonshire,Liberal Democrats ,Paul Donald Kennedy,None,4.2,839,2.1,-2.1,,50%,,,",,,,,,,
" Glasgow North East,Scottish Liberal Democrats,Sheila Thomson,None,3.4,592,1.7,-1.7,,50%,,,",,,,,,,
"Grantham and Bourne,Liberal Democrats ,John Vincent,None,9,2027,4.4,-4.6,,48.8888888888889%,,,",,,,,,,
"Hornsey and Friern Barnet,Liberal Democrats ,Dawn Barnes,None,25.6,6099,12.5,-13.1,,48.828125%,,,",,,,,,,
"Inverclyde and Renfrewshire West  ,Scottish Liberal Democrats,Ross Stalker,None,6.4,1259,3.1,-3.3,,48.4375%,,,",,,,,,,
"Shipley ,Liberal Democrats ,Graham Richard Reed ,None,5.9,1341,2.8,-3.1,,47.4576271186441%,,,",,,,,,,
"Monmouthshire,Welsh Liberal Democrats,William Powell ,None,9.6,2279,4.5,-5.1,,46.875%,,,",,,,,,,
"Sutton Coldfield,Liberal Democrats ,John Sweeney ,None,12.2,2587,5.4,-6.8,,44.2622950819672%,,,",,,,,,,
"Leeds North East,Liberal Democrats ,Gary Busuttil,None,11.2,2168,4.8,-6.4,,42.8571428571429%,,,",,,,,,,
"Keighley and Ilkley  ,Liberal Democrats ,Chris Adams ,None,4.9,970,2.1,-2.8,,42.8571428571429%,,,",,,,,,,
"Kettering ,Liberal Democrats ,Sarah Ryan,None,6.7,1357,2.7,-4,,40.2985074626866%,,,",,,,,,,
"Kilmarnock and Loudoun,Scottish Liberal Democrats,Edward Thornley,None,5.1,850,2,-3.1,,39.2156862745098%,,,",,,,,,,
"Hartlepool,Liberal Democrats ,Peter Maughan,None,4.1,572,1.6,-2.5,,39.0243902439024%,,,",,,,,,,
"Falkirk,Scottish Liberal Democrats,Tim McKay,None,6.8,1092,2.6,-4.2,,38.2352941176471%,,,",,,,,,,
"Rushcliffe ,Liberal Democrats ,Greg Webb,None,16,3133,5.4,-10.6,,33.75%,,,",,,,,,,
"East Kilbride and Strathaven,Scottish Liberal Democrats,Aisha Mir,None,6.9,1074,2.3,-4.6,,33.3333333333333%,,,",,,,,,,
"East Renfrewshire,Scottish Liberal Democrats,Alan Grant,None,7.5,1150,2.3,-5.2,,30.6666666666667%,,,",,,,,,,
"Waveney Valley,Liberal Democrats ,John Richard Shreeve,None,9.2,1214,2.5,-6.7,,27.1739130434783%,,,",,,,,,,
"Finchley and Golders Green,Liberal Democrats ,Sarah Hoyle,None,31.8,3375,6.8,-25,,21.3836477987421%,,,",,,,,,,
"South Devon,Liberal Democrats ,Caroline Voaden,None,53.7,7127,10.7,-43,,19.9255121042831%,,,",,,,,,,
